,ADDRESS,ADDRESS,CITY,CITY,travel_time,URL,URL,LOCATION,LOCATION,travel_cost,travel_seconds,travel_minutes,STATUS,NEXT OPEN HOUSE START TIME,NEXT OPEN HOUSE END TIME,SOURCE,MLS#,FAVORITE,INTERESTED
0,246 Monte Vista Ln,246 Monte Vista Ln,DALY CITY,DALY CITY,1 hour 4 mins,http://www.redfin.com/CA/Daly-City/246-Monte-Vista-Ln-94015/home/922403,http://www.redfin.com/CA/Daly-City/246-Monte-Vista-Ln-94015/home/922403,"37.658315,-122.46321599999999",DALY CITY,$7.00,3835,63.916666666666664,Active,,,MLSListings,ML81794298,Y,Y
1,1950 Evergreen Ave,1950 Evergreen Ave,San Leandro,San Leandro,1 hour 7 mins,http://www.redfin.com/CA/San-Leandro/1950-Evergreen-Ave-94577/home/1939632,http://www.redfin.com/CA/San-Leandro/1950-Evergreen-Ave-94577/home/1939632,"37.722626500000004,-122.13685929999998",Assumption Parsh,,4002,66.7,Active,,,"bridgeMLS, Bay East AOR, or Contra Costa AOR",40905479,N,Y
2,9648 Dunbar Dr,9648 Dunbar Dr,Oakland,Oakland,1 hour 2 mins,http://www.redfin.com/CA/Oakland/9648-Dunbar-Dr-94603/home/28697352,http://www.redfin.com/CA/Oakland/9648-Dunbar-Dr-94603/home/28697352,"37.74118370000001,-122.1787301",Stonehurst,,3741,62.35,Active,,,"bridgeMLS, Bay East AOR, or Contra Costa AOR",40904884,N,Y
3,2543 Lancaster Rd,2543 Lancaster Rd,Hayward,Hayward,1 hour 22 mins,http://www.redfin.com/CA/Hayward/2543-Lancaster-Rd-94542/home/1735096,http://www.redfin.com/CA/Hayward/2543-Lancaster-Rd-94542/home/1735096,"37.6647434,-122.0515834",Woodland Estates,,4906,81.76666666666667,Active,,,"bridgeMLS, Bay East AOR, or Contra Costa AOR",40906691,N,Y
4,1021 E 23rd St,1021 E 23rd St,Oakland,Oakland,42 mins,http://www.redfin.com/CA/Oakland/1021-E-23rd-St-94606/home/533684,http://www.redfin.com/CA/Oakland/1021-E-23rd-St-94606/home/533684,"37.7975023,-122.2410824",Clinton,,2501,41.68333333333333,Active,,,"bridgeMLS, Bay East AOR, or Contra Costa AOR",40906683,N,Y
5,1867 Pleasant Hill Rd,1867 Pleasant Hill Rd,Pleasant Hill,Pleasant Hill,9 hours 41 mins,http://www.redfin.com/CA/Pleasant-Hill/1867-Pleasant-Hill-Rd-94523/home/1887593,http://www.redfin.com/CA/Pleasant-Hill/1867-Pleasant-Hill-Rd-94523/home/1887593,"37.9338641,-122.08545330000001",Pleasant Hill,$9.30,34844,580.7333333333333,Active,,,"bridgeMLS, Bay East AOR, or Contra Costa AOR",40906165,N,Y
6,1060 69Th Ave,1060 69Th Ave,Oakland,Oakland,40 mins,http://www.redfin.com/CA/Oakland/1060-69th-Ave-94621/home/1995369,http://www.redfin.com/CA/Oakland/1060-69th-Ave-94621/home/1995369,"37.758351,-122.193427",Oakland,$5.00,2380,39.666666666666664,Active,,,"bridgeMLS, Bay East AOR, or Contra Costa AOR",40906616,N,Y
7,10 Harbor View Dr,10 Harbor View Dr,Richmond,Richmond,1 hour 38 mins,http://www.redfin.com/CA/Richmond/10-Harbor-View-Dr-94804/home/1602293,http://www.redfin.com/CA/Richmond/10-Harbor-View-Dr-94804/home/1602293,"37.9084159,-122.3492108",Sunset Pointe,,5884,98.06666666666666,Active,,,"bridgeMLS, Bay East AOR, or Contra Costa AOR",40906607,N,Y
8,14869 Midland Rd,14869 Midland Rd,San Leandro,San Leandro,1 hour 11 mins,http://www.redfin.com/CA/San-Leandro/14869-Midland-Rd-94578/home/1966058,http://www.redfin.com/CA/San-Leandro/14869-Midland-Rd-94578/home/1966058,"37.712603200000004,-122.1233501",Hill Crest Knoll,,4268,71.13333333333334,Active,,,"bridgeMLS, Bay East AOR, or Contra Costa AOR",40906603,N,Y
9,26732 Gaither Way,26732 Gaither Way,Hayward,Hayward,1 hour 15 mins,http://www.redfin.com/CA/Hayward/26732-Gaither-Way-94544/home/1006020,http://www.redfin.com/CA/Hayward/26732-Gaither-Way-94544/home/1006020,"37.6386135,-122.0823686",Schafer Park,,4502,75.03333333333333,Active,,,"bridgeMLS, Bay East AOR, or Contra Costa AOR",40906589,N,Y
10,1076 24th St,1076 24th St,Oakland,Oakland,45 mins,http://www.redfin.com/CA/Oakland/1076-24th-St-94607/home/18293162,http://www.redfin.com/CA/Oakland/1076-24th-St-94607/home/18293162,"37.817040000000006,-122.28178899999999",Alameda County,,2729,45.483333333333334,Active,,,BAREIS,22011832,N,Y
11,1532 Via Rancho,1532 Via Rancho,San Lorenzo,San Lorenzo,1 hour 18 mins,http://www.redfin.com/CA/San-Lorenzo/1532-Via-Rancho-94580/home/1314921,http://www.redfin.com/CA/San-Lorenzo/1532-Via-Rancho-94580/home/1314921,"37.6759053,-122.1439707",San Lorenzo Vilg,,4650,77.5,Active,,,"bridgeMLS, Bay East AOR, or Contra Costa AOR",40906509,N,Y
12,1715 MacArthur Blvd,1715 MacArthur Blvd,Oakland,Oakland,50 mins,http://www.redfin.com/CA/Oakland/1715-MacArthur-Blvd-94602/home/1329278,http://www.redfin.com/CA/Oakland/1715-MacArthur-Blvd-94602/home/1329278,"37.799910499999996,-122.2213585",Oakland,,2991,49.85,Active,,,San Francisco MLS,498915,N,Y
13,67 Werner Ave,67 Werner Ave,Daly City,Daly City,36 mins,http://www.redfin.com/CA/Daly-City/67-Werner-Ave-94014/home/12225757,http://www.redfin.com/CA/Daly-City/67-Werner-Ave-94014/home/12225757,"37.692184000000005,-122.46774350000001",Original Daly City,$4.40,2173,36.21666666666667,Active,,,San Francisco MLS,498904,N,Y
14,2122 69th Ave,2122 69th Ave,Oakland,Oakland,58 mins,http://www.redfin.com/CA/Oakland/2122-69th-Ave-94621/home/1363281,http://www.redfin.com/CA/Oakland/2122-69th-Ave-94621/home/1363281,"37.765415600000004,-122.18265359999998",Oakland,,3471,57.85,Active,,,San Francisco MLS,498620,N,Y
15,2512 Cole St,2512 Cole St,Oakland,Oakland,1 hour 14 mins,http://www.redfin.com/CA/Oakland/2512-Cole-St-94601/home/1817069,http://www.redfin.com/CA/Oakland/2512-Cole-St-94601/home/1817069,"37.7758841,-122.1972416",Maxwell  Park,,4453,74.21666666666667,Active,,,"bridgeMLS, Bay East AOR, or Contra Costa AOR",40906452,N,Y
16,14271 Acapulco Rd,14271 Acapulco Rd,San Leandro,San Leandro,1 hour 5 mins,http://www.redfin.com/CA/San-Leandro/14271-Acapulco-Rd-94577/home/1765258,http://www.redfin.com/CA/San-Leandro/14271-Acapulco-Rd-94577/home/1765258,"37.6940947,-122.1789287",Marina Faire,,3889,64.81666666666666,Active,,,"bridgeMLS, Bay East AOR, or Contra Costa AOR",40906414,N,Y
17,27442 Capri Ave,27442 Capri Ave,Hayward,Hayward,1 hour 29 mins,http://www.redfin.com/CA/Hayward/27442-Capri-Ave-94545/home/1452007,http://www.redfin.com/CA/Hayward/27442-Capri-Ave-94545/home/1452007,"37.6262305,-122.1044033",Hayward,,5331,88.85,Active,,,"bridgeMLS, Bay East AOR, or Contra Costa AOR",40906369,N,Y
18,16093 Mills Ave,16093 Mills Ave,San Lorenzo,San Lorenzo,49 mins,http://www.redfin.com/CA/San-Lorenzo/16093-Mills-Ave-94580/home/1747890,http://www.redfin.com/CA/San-Lorenzo/16093-Mills-Ave-94580/home/1747890,"37.691054,-122.1235497",San Lorenzo Mano,$5.60,2913,48.55,Active,,,"bridgeMLS, Bay East AOR, or Contra Costa AOR",40906356,N,Y
19,2511 Bradford Ave,2511 Bradford Ave,Hayward,Hayward,1 hour 32 mins,http://www.redfin.com/CA/Hayward/2511-Bradford-Ave-94545/home/1011114,http://www.redfin.com/CA/Hayward/2511-Bradford-Ave-94545/home/1011114,"37.6358424,-122.1085746",Glen Eden,,5513,91.88333333333334,Active,,,"bridgeMLS, Bay East AOR, or Contra Costa AOR",40906352,N,Y
20,622 Western Dr,622 Western Dr,Point Richmond,Point Richmond,1 hour 17 mins,http://www.redfin.com/CA/Richmond/622-Western-Dr-94801/home/1963143,http://www.redfin.com/CA/Richmond/622-Western-Dr-94801/home/1963143,"37.928527,-122.392676",Contra Costa,,4636,77.26666666666667,Active,,,BAREIS,22011694,N,Y
21,1035 Via Palma,1035 Via Palma,San Lorenzo,San Lorenzo,1 hour 26 mins,http://www.redfin.com/CA/San-Lorenzo/1035-Via-Palma-94580/home/1420002,http://www.redfin.com/CA/San-Lorenzo/1035-Via-Palma-94580/home/1420002,"37.6692445,-122.12827479999999",San Lorenzo Vilg,,5173,86.21666666666667,Active,,,"bridgeMLS, Bay East AOR, or Contra Costa AOR",40906308,N,Y
22,4812 Walnut St,4812 Walnut St,Oakland,Oakland,57 mins,http://www.redfin.com/CA/Oakland/4812-Walnut-St-94619/home/1422517,http://www.redfin.com/CA/Oakland/4812-Walnut-St-94619/home/1422517,"37.7797326,-122.19941409999998",Maxwell  Park,,3400,56.666666666666664,Active,,,"bridgeMLS, Bay East AOR, or Contra Costa AOR",40906294,N,Y
23,145 Elysian Fields Dr,145 Elysian Fields Dr,Oakland,Oakland,1 hour 33 mins,http://www.redfin.com/CA/Oakland/145-Elysian-Fields-Dr-94605/home/601451,http://www.redfin.com/CA/Oakland/145-Elysian-Fields-Dr-94605/home/601451,"37.7601448,-122.13668179999999",Sequoyah Hghlds,,5600,93.33333333333333,Active,,,"bridgeMLS, Bay East AOR, or Contra Costa AOR",40906278,Y,Y
24,3917 Keller Ave,3917 Keller Ave,Oakland,Oakland,1 hour 11 mins,http://www.redfin.com/CA/Oakland/3917-Keller-Ave-94605/home/1618964,http://www.redfin.com/CA/Oakland/3917-Keller-Ave-94605/home/1618964,"37.7714254,-122.1572862",Melrose Highlnds,,4272,71.2,Active,,,"bridgeMLS, Bay East AOR, or Contra Costa AOR",40906275,N,Y
25,2635 Havenscourt Blvd,2635 Havenscourt Blvd,Oakland,Oakland,1 hour 2 mins,http://www.redfin.com/CA/Oakland/2635-Havenscourt-Blvd-94605/home/570658,http://www.redfin.com/CA/Oakland/2635-Havenscourt-Blvd-94605/home/570658,"37.76829179999999,-122.18398390000002",Havenscourt,,3722,62.03333333333333,Active,,,"bridgeMLS, Bay East AOR, or Contra Costa AOR",40905494,N,Y
26,1920 Bandoni Ave,1920 Bandoni Ave,San Lorenzo,San Lorenzo,1 hour 26 mins,http://www.redfin.com/CA/San-Lorenzo/1920-Bandoni-Ave-94580/home/935289,http://www.redfin.com/CA/San-Lorenzo/1920-Bandoni-Ave-94580/home/935289,"37.667190999999995,-122.14326940000001",Lorenzo Village,,5188,86.46666666666667,Active,,,"bridgeMLS, Bay East AOR, or Contra Costa AOR",40906239,N,Y
27,411 Elmwood Ln,411 Elmwood Ln,Hayward,Hayward,1 hour 13 mins,http://www.redfin.com/CA/Hayward/411-Elmwood-Ln-94541/home/954733,http://www.redfin.com/CA/Hayward/411-Elmwood-Ln-94541/home/954733,"37.6632081,-122.1026283",Hayward,,4395,73.25,Active,,,"bridgeMLS, Bay East AOR, or Contra Costa AOR",40906236,N,Y
28,1339 Hermosa Ave,1339 Hermosa Ave,PACIFICA,PACIFICA,1 hour 17 mins,http://www.redfin.com/CA/Pacifica/1339-Hermosa-Ave-94044/home/658347,http://www.redfin.com/CA/Pacifica/1339-Hermosa-Ave-94044/home/658347,"37.5892105,-122.49676170000001",PACIFICA,$6.25,4599,76.65,Active,,,MLSListings,ML81793417,N,Y
29,692 Hutchings Dr,692 Hutchings Dr,SAN LEANDRO,SAN LEANDRO,1 hour 1 min,http://www.redfin.com/CA/San-Leandro/692-Hutchings-Dr-94577/home/1403077,http://www.redfin.com/CA/San-Leandro/692-Hutchings-Dr-94577/home/1403077,"37.724393799999994,-122.17759840000002",SAN LEANDRO,,3663,61.05,Active,,,MLSListings,ML81794139,N,Y
30,15538 Lorenzo Ave,15538 Lorenzo Ave,San Lorenzo,San Lorenzo,1 hour 6 mins,http://www.redfin.com/CA/San-Lorenzo/15538-Lorenzo-Ave-94580/home/542301,http://www.redfin.com/CA/San-Lorenzo/15538-Lorenzo-Ave-94580/home/542301,"37.6840444,-122.13884909999999",San Lorenzo Vilg,,3947,65.78333333333333,Active,,,"bridgeMLS, Bay East AOR, or Contra Costa AOR",40905188,N,Y
31,1872 E St,1872 E St,Hayward,Hayward,1 hour 12 mins,http://www.redfin.com/CA/Hayward/1872-E-St-94541/home/1349477,http://www.redfin.com/CA/Hayward/1872-E-St-94541/home/1349477,"37.6747456,-122.06334809999998",Fairview,,4309,71.81666666666666,Active,,,"bridgeMLS, Bay East AOR, or Contra Costa AOR",40906179,N,Y
32,4804 Seaview Ave,4804 Seaview Ave,Castro Valley,Castro Valley,1 hour 33 mins,http://www.redfin.com/CA/Castro-Valley/4804-Seaview-Ave-94546/home/1633213,http://www.redfin.com/CA/Castro-Valley/4804-Seaview-Ave-94546/home/1633213,"37.714079999999996,-122.073299",Upper Redwood,,5553,92.55,Active,,,"bridgeMLS, Bay East AOR, or Contra Costa AOR",40906178,N,Y
33,2251 Sol St,2251 Sol St,San Leandro,San Leandro,1 hour 10 mins,http://www.redfin.com/CA/San-Leandro/2251-Sol-St-94578/home/793629,http://www.redfin.com/CA/San-Leandro/2251-Sol-St-94578/home/793629,"37.712739,-122.1217972",Hillcrest Crest,,4174,69.56666666666666,Active,,,"bridgeMLS, Bay East AOR, or Contra Costa AOR",40906173,N,Y
34,47 Margrave Ct,47 Margrave Ct,Walnut Creek,Walnut Creek,1 hour 48 mins,http://www.redfin.com/CA/Walnut-Creek/47-Margrave-Ct-94597/home/852997,http://www.redfin.com/CA/Walnut-Creek/47-Margrave-Ct-94597/home/852997,"37.9184834,-122.07535559999998",Walnut Creek,$8.70,6471,107.85,Active,,,"bridgeMLS, Bay East AOR, or Contra Costa AOR",40905925,N,Y
35,6825 Armour Dr,6825 Armour Dr,Oakland,Oakland,1 hour 46 mins,http://www.redfin.com/CA/Oakland/6825-Armour-Dr-94611/home/2014048,http://www.redfin.com/CA/Oakland/6825-Armour-Dr-94611/home/2014048,"37.837223,-122.2037147",Montclair,,6330,105.5,Active,,,"bridgeMLS, Bay East AOR, or Contra Costa AOR",40906154,Y,Y
36,6509 Canyon Trl,6509 Canyon Trl,El Cerrito,El Cerrito,54 mins,http://www.redfin.com/CA/El-Cerrito/6509-Canyon-Trl-94530/home/1136172,http://www.redfin.com/CA/El-Cerrito/6509-Canyon-Trl-94530/home/1136172,"37.9315191,-122.31735069999999",El Cerrito,$5.30,3231,53.85,Active,,,"bridgeMLS, Bay East AOR, or Contra Costa AOR",40906056,N,Y
37,840 34th Ave,840 34th Ave,Oakland,Oakland,34 mins,http://www.redfin.com/CA/Oakland/840-34th-Ave-94601/home/1096551,http://www.redfin.com/CA/Oakland/840-34th-Ave-94601/home/1096551,"37.773275500000004,-122.2258355",Fruitvale,$4.70,2059,34.31666666666667,Active,,,"bridgeMLS, Bay East AOR, or Contra Costa AOR",40906046,N,Y
38,31219 Fredi St,31219 Fredi St,Union City,Union City,1 hour 25 mins,http://www.redfin.com/CA/Union-City/31219-Fredi-St-94587/home/1271561,http://www.redfin.com/CA/Union-City/31219-Fredi-St-94587/home/1271561,"37.593123999999996,-122.077933",Alameda County,,5077,84.61666666666666,Active,,,BAREIS,22011452,N,Y
39,2424 Kingsland Ave,2424 Kingsland Ave,Oakland,Oakland,1 hour 11 mins,http://www.redfin.com/CA/Oakland/2424-Kingsland-Ave-94601/home/1224168,http://www.redfin.com/CA/Oakland/2424-Kingsland-Ave-94601/home/1224168,"37.773985499999995,-122.1966209",Maxwell  Park,,4245,70.75,Active,,,"bridgeMLS, Bay East AOR, or Contra Costa AOR",40906016,N,Y
40,353 S 24Th St,353 S 24Th St,Richmond,Richmond,1 hour 6 mins,http://www.redfin.com/CA/Richmond/353-S-24th-St-94804/home/1520947,http://www.redfin.com/CA/Richmond/353-S-24th-St-94804/home/1520947,"37.9269935,-122.3469638",South Richmond,$5.55,3952,65.86666666666666,Active,,,"bridgeMLS, Bay East AOR, or Contra Costa AOR",40906014,N,Y
41,1051 67Th St,1051 67Th St,Oakland,Oakland,56 mins,http://www.redfin.com/CA/Oakland/1051-67th-St-94608/home/1630651,http://www.redfin.com/CA/Oakland/1051-67th-St-94608/home/1630651,"37.850079,-122.28343500000001",Nobe,,3388,56.46666666666667,Active,,,"bridgeMLS, Bay East AOR, or Contra Costa AOR",40905155,N,Y
42,6625 Hillmont Dr,6625 Hillmont Dr,OAKLAND,OAKLAND,1 hour 6 mins,http://www.redfin.com/CA/Oakland/6625-Hillmont-Dr-94605/home/786998,http://www.redfin.com/CA/Oakland/6625-Hillmont-Dr-94605/home/786998,"37.7757076,-122.170902",OAKLAND,,3953,65.88333333333334,Active,,,MLSListings,ML81793589,N,Y
43,550 E 20Th St,550 E 20Th St,Oakland,Oakland,41 mins,http://www.redfin.com/CA/Oakland/550-E-20th-St-94606/home/1962518,http://www.redfin.com/CA/Oakland/550-E-20th-St-94606/home/1962518,"37.799134499999994,-122.24726470000002",Ivy Hill,,2460,41.0,Active,,,"bridgeMLS, Bay East AOR, or Contra Costa AOR",40906000,N,Y
44,8507 Thermal St,8507 Thermal St,Oakland,Oakland,1 hour 12 mins,http://www.redfin.com/CA/Oakland/8507-Thermal-St-94605/home/1975338,http://www.redfin.com/CA/Oakland/8507-Thermal-St-94605/home/1975338,"37.7603686,-122.1621206",Toler Heights,,4335,72.25,Active,,,"bridgeMLS, Bay East AOR, or Contra Costa AOR",40905964,N,Y
45,15023 Costela St,15023 Costela St,San Leandro,San Leandro,1 hour 9 mins,http://www.redfin.com/CA/San-Leandro/15023-Costela-St-94579/home/1438305,http://www.redfin.com/CA/San-Leandro/15023-Costela-St-94579/home/1438305,"37.6905594,-122.15693130000001",Washington Manor,,4133,68.88333333333334,Active,,,"bridgeMLS, Bay East AOR, or Contra Costa AOR",40905940,N,Y
46,3300 35th Ave,3300 35th Ave,Oakland,Oakland,49 mins,http://www.redfin.com/CA/Oakland/3300-35th-Ave-94619/home/1702306,http://www.redfin.com/CA/Oakland/3300-35th-Ave-94619/home/1702306,"37.7916031,-122.203759",Oakland,,2941,49.016666666666666,Active,,,"bridgeMLS, Bay East AOR, or Contra Costa AOR",40905918,N,Y
47,1570 142nd Ave,1570 142nd Ave,SAN LEANDRO,SAN LEANDRO,57 mins,http://www.redfin.com/CA/San-Leandro/1570-142nd-Ave-94578/home/734446,http://www.redfin.com/CA/San-Leandro/1570-142nd-Ave-94578/home/734446,"37.714099,-122.1359942",SAN LEANDRO,,3444,57.4,Active,,,MLSListings,ML81793783,N,Y
48,133 Mecartney Rd,133 Mecartney Rd,Alameda,Alameda,1 hour 4 mins,http://www.redfin.com/CA/Alameda/133-Mecartney-Rd-94502/home/1459959,http://www.redfin.com/CA/Alameda/133-Mecartney-Rd-94502/home/1459959,"37.7347301,-122.23558659999999",Alameda,,3815,63.583333333333336,Active,,,"bridgeMLS, Bay East AOR, or Contra Costa AOR",40905849,N,Y
49,8239 Golf Links Rd,8239 Golf Links Rd,Oakland,Oakland,1 hour 11 mins,http://www.redfin.com/CA/Oakland/8239-Golf-Links-Rd-94605/home/1422808,http://www.redfin.com/CA/Oakland/8239-Golf-Links-Rd-94605/home/1422808,"37.762401399999995,-122.16340679999999",East Oakland,,4236,70.6,Active,,,"bridgeMLS, Bay East AOR, or Contra Costa AOR",40905838,N,Y
50,2975 Cesar Chavez,2975 Cesar Chavez,San Francisco,San Francisco,22 mins,http://www.redfin.com/CA/San-Francisco/2975-Cesar-Chavez-94110/home/1231917,http://www.redfin.com/CA/San-Francisco/2975-Cesar-Chavez-94110/home/1231917,"37.748130100000004,-122.409255",Bernal Heights,$3.00,1341,22.35,Active,,,San Francisco MLS,495413,N,Y
51,1522 Felton St,1522 Felton St,San Francisco,San Francisco,41 mins,http://www.redfin.com/CA/San-Francisco/1522-Felton-St-94134/home/1543739,http://www.redfin.com/CA/San-Francisco/1522-Felton-St-94134/home/1543739,"37.7262326,-122.41993719999999",Portola,$3.00,2438,40.63333333333333,Active,,,San Francisco MLS,498618,N,Y
52,16067 Via Toledo,16067 Via Toledo,San Lorenzo,San Lorenzo,1 hour 12 mins,http://www.redfin.com/CA/San-Lorenzo/16067-Via-Toledo-94580/home/1751162,http://www.redfin.com/CA/San-Lorenzo/16067-Via-Toledo-94580/home/1751162,"37.681411499999996,-122.12062140000002",San Lorenzo Vilg,,4322,72.03333333333333,Active,,,"bridgeMLS, Bay East AOR, or Contra Costa AOR",40905760,N,Y
53,9411 Castlewood St,9411 Castlewood St,Oakland,Oakland,1 hour 14 mins,http://www.redfin.com/CA/Oakland/9411-Castlewood-St-94605/home/843944,http://www.redfin.com/CA/Oakland/9411-Castlewood-St-94605/home/843944,"37.7560687,-122.1527176",Castlewood,,4441,74.01666666666667,Active,,,"bridgeMLS, Bay East AOR, or Contra Costa AOR",40905714,N,Y
54,252 Florida Ave,252 Florida Ave,SAN BRUNO,SAN BRUNO,56 mins,http://www.redfin.com/CA/San-Bruno/252-Florida-Ave-94066/home/642430,http://www.redfin.com/CA/San-Bruno/252-Florida-Ave-94066/home/642430,"37.6223473,-122.40884229999999",SAN BRUNO,$7.40,3382,56.36666666666667,Active,,,MLSListings,ML81793570,N,Y
55,3200 Guido St,3200 Guido St,Oakland,Oakland,1 hour 0 mins,http://www.redfin.com/CA/Oakland/3200-Guido-St-94602/home/542669,http://www.redfin.com/CA/Oakland/3200-Guido-St-94602/home/542669,"37.8041754,-122.19271909999999",Redwood Heights,,3585,59.75,Active,,,"bridgeMLS, Bay East AOR, or Contra Costa AOR",40905687,Y,Y
56,3044 El Monte Ave,3044 El Monte Ave,Oakland,Oakland,1 hour 19 mins,http://www.redfin.com/CA/Oakland/3044-El-Monte-Ave-94605/home/1363379,http://www.redfin.com/CA/Oakland/3044-El-Monte-Ave-94605/home/1363379,"37.764511,-122.1589273",King Estates,,4755,79.25,Active,,,"bridgeMLS, Bay East AOR, or Contra Costa AOR",40905685,Y,Y
57,2624 INYO Ave,2624 INYO Ave,Oakland,Oakland,51 mins,http://www.redfin.com/CA/Oakland/2624-Inyo-Ave-94601/home/22718575,http://www.redfin.com/CA/Oakland/2624-Inyo-Ave-94601/home/22718575,"37.792353000000006,-122.22661699999999",Meadowbrook,,3038,50.63333333333333,Active,,,"bridgeMLS, Bay East AOR, or Contra Costa AOR",40905676,N,Y
58,19212 Center St,19212 Center St,Castro Valley,Castro Valley,1 hour 23 mins,http://www.redfin.com/CA/Castro-Valley/19212-Center-St-94546/home/2027911,http://www.redfin.com/CA/Castro-Valley/19212-Center-St-94546/home/2027911,"37.703281,-122.06041809999999",Castro Valley,,4975,82.91666666666667,Active,,,"bridgeMLS, Bay East AOR, or Contra Costa AOR",40905555,N,Y
59,25849 Calaroga Ave,25849 Calaroga Ave,Hayward,Hayward,1 hour 21 mins,http://www.redfin.com/CA/Hayward/25849-Calaroga-Ave-94545/home/1391629,http://www.redfin.com/CA/Hayward/25849-Calaroga-Ave-94545/home/1391629,"37.6411096,-122.0993444",Southgate,,4872,81.2,Active,,,"bridgeMLS, Bay East AOR, or Contra Costa AOR",40904632,N,Y
60,3254 Arkansas St,3254 Arkansas St,Oakland,Oakland,53 mins,http://www.redfin.com/CA/Oakland/3254-Arkansas-St-94602/home/1040866,http://www.redfin.com/CA/Oakland/3254-Arkansas-St-94602/home/1040866,"37.794129299999994,-122.20659640000001",Lower Laurel,,3188,53.13333333333333,Active,,,"bridgeMLS, Bay East AOR, or Contra Costa AOR",40905516,N,Y
61,1421 Richmond St,1421 Richmond St,El Cerrito,El Cerrito,55 mins,http://www.redfin.com/CA/El-Cerrito/1421-Richmond-St-94530/home/1138372,http://www.redfin.com/CA/El-Cerrito/1421-Richmond-St-94530/home/1138372,"37.9197244,-122.30944509999999",Contra Costa,$5.30,3316,55.266666666666666,Active,,,BAREIS,22009736,N,Y
62,5968 Marshall St,5968 Marshall St,Oakland,Oakland,50 mins,http://www.redfin.com/CA/Oakland/5968-Marshall-St-94608/home/570510,http://www.redfin.com/CA/Oakland/5968-Marshall-St-94608/home/570510,"37.843644899999994,-122.2846836",Golden Gate,,2975,49.583333333333336,Active,,,"bridgeMLS, Bay East AOR, or Contra Costa AOR",40905487,N,Y
63,8715 Thermal St,8715 Thermal St,Oakland,Oakland,56 mins,http://www.redfin.com/CA/Oakland/8715-Thermal-St-94605/home/584608,http://www.redfin.com/CA/Oakland/8715-Thermal-St-94605/home/584608,"37.7579633,-122.1613223",Toler Heights,,3363,56.05,Active,,,"bridgeMLS, Bay East AOR, or Contra Costa AOR",40905483,N,Y
64,1628 Acton St,1628 Acton St,Berkeley,Berkeley,38 mins,http://www.redfin.com/CA/Berkeley/1628-Acton-St-94702/home/869401,http://www.redfin.com/CA/Berkeley/1628-Acton-St-94702/home/869401,"37.874966,-122.2850048",N. Berkeley,$4.95,2255,37.583333333333336,Active,,,"bridgeMLS, Bay East AOR, or Contra Costa AOR",40905467,N,Y
65,1740 Cottage Grove Ave,1740 Cottage Grove Ave,San Mateo,San Mateo,1 hour 29 mins,http://www.redfin.com/CA/San-Mateo/1740-Cottage-Grove-Ave-94401/home/2044164,http://www.redfin.com/CA/San-Mateo/1740-Cottage-Grove-Ave-94401/home/2044164,"37.5701096,-122.30187109999999",San Mateo,,5317,88.61666666666666,Active,,,San Francisco MLS,498477,N,Y
66,2488 Savannah Ct,2488 Savannah Ct,Oakland,Oakland,52 mins,http://www.redfin.com/CA/Oakland/2488-Savannah-Ct-94605/home/1968733,http://www.redfin.com/CA/Oakland/2488-Savannah-Ct-94605/home/1968733,"37.7543959,-122.161278",Alameda,,3141,52.35,Active,,,"bridgeMLS, Bay East AOR, or Contra Costa AOR",40905418,N,Y
67,1475 Vía La Paloma,1475 Vía La Paloma,SAN LORENZO,SAN LORENZO,1 hour 21 mins,http://www.redfin.com/CA/San-Lorenzo/1475-Via-La-Paloma-94580/home/1876510,http://www.redfin.com/CA/San-Lorenzo/1475-Via-La-Paloma-94580/home/1876510,"37.674600500000004,-122.14051909999999",SAN LORENZO,,4840,80.66666666666667,Active,,,MLSListings,ML81793163,N,Y
68,9323 Burr St,9323 Burr St,Oakland,Oakland,57 mins,http://www.redfin.com/CA/Oakland/9323-Burr-St-94605/home/1881290,http://www.redfin.com/CA/Oakland/9323-Burr-St-94605/home/1881290,"37.7544283,-122.1578628",Toler Heights,,3406,56.766666666666666,Active,,,"bridgeMLS, Bay East AOR, or Contra Costa AOR",40905347,N,Y
69,6167 Overdale Ave,6167 Overdale Ave,Oakland,Oakland,1 hour 6 mins,http://www.redfin.com/CA/Oakland/6167-Overdale-Ave-94605/home/1363156,http://www.redfin.com/CA/Oakland/6167-Overdale-Ave-94605/home/1363156,"37.779754700000005,-122.1751815",Millmont,,3941,65.68333333333334,Active,,,"bridgeMLS, Bay East AOR, or Contra Costa AOR",40905320,N,Y
70,3631 Hageman Ave,3631 Hageman Ave,Oakland,Oakland,50 mins,http://www.redfin.com/CA/Oakland/3631-Hageman-Ave-94619/home/1881720,http://www.redfin.com/CA/Oakland/3631-Hageman-Ave-94619/home/1881720,"37.7893269,-122.20486740000001",Allendale,,2971,49.516666666666666,Active,,,"bridgeMLS, Bay East AOR, or Contra Costa AOR",40903272,N,Y
71,25531 Franklin Ave,25531 Franklin Ave,Hayward,Hayward,1 hour 14 mins,http://www.redfin.com/CA/Hayward/25531-Franklin-Ave-94544/home/1947905,http://www.redfin.com/CA/Hayward/25531-Franklin-Ave-94544/home/1947905,"37.6514359,-122.0773086",Jackson Triangle,,4434,73.9,Active,,,"bridgeMLS, Bay East AOR, or Contra Costa AOR",40905194,N,Y
72,1330 148Th Ave,1330 148Th Ave,San Leandro,San Leandro,53 mins,http://www.redfin.com/CA/San-Leandro/1330-148th-Ave-94578/home/1370126,http://www.redfin.com/CA/San-Leandro/1330-148th-Ave-94578/home/1370126,"37.707702000000005,-122.13444150000001",San Leandro,,3179,52.983333333333334,Active,,,"bridgeMLS, Bay East AOR, or Contra Costa AOR",40905103,N,Y
73,21143 Ashfield Ave,21143 Ashfield Ave,Castro Valley,Castro Valley,45 mins,http://www.redfin.com/CA/Castro-Valley/21143-Ashfield-Ave-94546/home/1568840,http://www.redfin.com/CA/Castro-Valley/21143-Ashfield-Ave-94546/home/1568840,"37.6918824,-122.0787956",Castro Valley,$5.95,2726,45.43333333333333,Active,,,"bridgeMLS, Bay East AOR, or Contra Costa AOR",40902659,N,Y
74,2240 64Th Ave,2240 64Th Ave,Oakland,Oakland,1 hour 6 mins,http://www.redfin.com/CA/Oakland/2240-64th-Ave-94605/home/570857,http://www.redfin.com/CA/Oakland/2240-64th-Ave-94605/home/570857,"37.7665854,-122.19001399999999",Oakland,,3976,66.26666666666667,Active,,,"bridgeMLS, Bay East AOR, or Contra Costa AOR",40903376,N,Y
75,2328 14Th Ave,2328 14Th Ave,Oakland,Oakland,44 mins,http://www.redfin.com/CA/Oakland/2328-14th-Ave-94606/home/534539,http://www.redfin.com/CA/Oakland/2328-14th-Ave-94606/home/534539,"37.7949404,-122.2372709",Highland,,2658,44.3,Active,,,"bridgeMLS, Bay East AOR, or Contra Costa AOR",40905075,N,Y
76,15699 Liberty St,15699 Liberty St,SAN LEANDRO,SAN LEANDRO,58 mins,http://www.redfin.com/CA/San-Leandro/15699-Liberty-St-94578/home/57179978,http://www.redfin.com/CA/San-Leandro/15699-Liberty-St-94578/home/57179978,"37.7053597,-122.1185582",SAN LEANDRO,$5.60,3499,58.31666666666667,Active,,,MLSListings,ML81792860,N,Y
77,5423 Highland Ave,5423 Highland Ave,Richmond,Richmond,59 mins,http://www.redfin.com/CA/Richmond/5423-Highland-Ave-94804/home/1239245,http://www.redfin.com/CA/Richmond/5423-Highland-Ave-94804/home/1239245,"37.915031400000004,-122.3180814",Richmond,$5.30,3511,58.516666666666666,Active,,,"bridgeMLS, Bay East AOR, or Contra Costa AOR",40905047,N,Y
78,23911 Pinnacles Ct,23911 Pinnacles Ct,Hayward,Hayward,1 hour 3 mins,http://www.redfin.com/CA/Hayward/23911-Pinnacles-Ln-94541/home/1333533,http://www.redfin.com/CA/Hayward/23911-Pinnacles-Ln-94541/home/1333533,"37.6787435,-122.05335929999998",Hayward,,3795,63.25,Active,,,"bridgeMLS, Bay East AOR, or Contra Costa AOR",40905030,N,Y
79,16162 Silverleaf Dr,16162 Silverleaf Dr,San Lorenzo,San Lorenzo,47 mins,http://www.redfin.com/CA/San-Lorenzo/16162-Silverleaf-Dr-94580/home/1282015,http://www.redfin.com/CA/San-Lorenzo/16162-Silverleaf-Dr-94580/home/1282015,"37.6952872,-122.1197562",Montara,$5.60,2844,47.4,Active,,,"bridgeMLS, Bay East AOR, or Contra Costa AOR",40904996,N,Y
80,21249 Ocean View Dr,21249 Ocean View Dr,Hayward,Hayward,1 hour 18 mins,http://www.redfin.com/CA/Hayward/21249-Ocean-View-Dr-94541/home/950892,http://www.redfin.com/CA/Hayward/21249-Ocean-View-Dr-94541/home/950892,"37.68382929999999,-122.0945071",Downtown Hayward,,4699,78.31666666666666,Active,,,"bridgeMLS, Bay East AOR, or Contra Costa AOR",40904930,N,Y
81,7900 Michigan Ave,7900 Michigan Ave,Oakland,Oakland,1 hour 21 mins,http://www.redfin.com/CA/Oakland/7900-Michigan-Ave-94605/home/577169,http://www.redfin.com/CA/Oakland/7900-Michigan-Ave-94605/home/577169,"37.7678652,-122.1621206",King Estates,,4883,81.38333333333334,Active,,,"bridgeMLS, Bay East AOR, or Contra Costa AOR",40904844,N,Y
82,28653 Triton St,28653 Triton St,Hayward,Hayward,1 hour 6 mins,http://www.redfin.com/CA/Hayward/28653-Triton-St-94544/home/2004239,http://www.redfin.com/CA/Hayward/28653-Triton-St-94544/home/2004239,"37.6293095,-122.0636588",Huntwood,$6.25,3944,65.73333333333333,Active,,,"bridgeMLS, Bay East AOR, or Contra Costa AOR",40904788,N,Y
83,3237 Ridge Crest Ct,3237 Ridge Crest Ct,Hayward,Hayward,1 hour 8 mins,http://www.redfin.com/CA/Hayward/3237-Ridge-Crest-Ct-94541/home/2033822,http://www.redfin.com/CA/Hayward/3237-Ridge-Crest-Ct-94541/home/2033822,"37.683991,-122.04874199999999",Hayward Hills,,4089,68.15,Active,,,"bridgeMLS, Bay East AOR, or Contra Costa AOR",40904697,N,Y
84,18042 redwood,18042 redwood,Castro Valley,Castro Valley,1 hour 31 mins,http://www.redfin.com/CA/Castro-Valley/18042-Redwood-Rd-94546/home/825908,http://www.redfin.com/CA/Castro-Valley/18042-Redwood-Rd-94546/home/825908,"37.7136266,-122.07360220000001",Alameda,,5470,91.16666666666667,Active,,,San Francisco MLS,498176,N,Y
85,1489 Via Mesa,1489 Via Mesa,San Lorenzo,San Lorenzo,1 hour 28 mins,http://www.redfin.com/CA/San-Lorenzo/1489-Via-Mesa-94580/home/932192,http://www.redfin.com/CA/San-Lorenzo/1489-Via-Mesa-94580/home/932192,"37.6672255,-122.1353509",San Lorenzo Vilg,,5256,87.6,Active,,,"bridgeMLS, Bay East AOR, or Contra Costa AOR",40904677,N,Y
86,2685 Leeward St,2685 Leeward St,Hayward,Hayward,1 hour 32 mins,http://www.redfin.com/CA/Hayward/2685-Leeward-St-94545/home/1349475,http://www.redfin.com/CA/Hayward/2685-Leeward-St-94545/home/1349475,"37.6293062,-122.10449209999999",Central Hayward,,5505,91.75,Active,,,"bridgeMLS, Bay East AOR, or Contra Costa AOR",40904630,N,Y
87,15897 Hesperian Blvd,15897 Hesperian Blvd,San Lorenzo,San Lorenzo,1 hour 15 mins,http://www.redfin.com/CA/San-Lorenzo/15897-Hesperian-Blvd-94580/home/686801,http://www.redfin.com/CA/San-Lorenzo/15897-Hesperian-Blvd-94580/home/686801,"37.6807908,-122.12807520000001",San Lorenzo Vilg,,4480,74.66666666666667,Active,,,"bridgeMLS, Bay East AOR, or Contra Costa AOR",40903675,N,Y
88,1716 96th Ave,1716 96th Ave,Oakland,Oakland,59 mins,http://www.redfin.com/CA/Oakland/1716-96th-Ave-94603/home/170015630,http://www.redfin.com/CA/Oakland/1716-96th-Ave-94603/home/170015630,"37.747287,-122.16761699999999",Alameda,,3525,58.75,Active,,,"bridgeMLS, Bay East AOR, or Contra Costa AOR",40904588,N,Y
89,1120 Roxanne Ave,1120 Roxanne Ave,Hayward,Hayward,1 hour 8 mins,http://www.redfin.com/CA/Hayward/1120-Roxanne-Ave-94542/home/1735620,http://www.redfin.com/CA/Hayward/1120-Roxanne-Ave-94542/home/1735620,"37.6656289,-122.0727145",Hayward Hills,,4096,68.26666666666667,Active,,,"bridgeMLS, Bay East AOR, or Contra Costa AOR",40904440,N,Y
90,328 S 8th St,328 S 8th St,Richmond,Richmond,1 hour 10 mins,http://www.redfin.com/CA/Richmond/328-S-8th-St-94804/home/653193,http://www.redfin.com/CA/Richmond/328-S-8th-St-94804/home/653193,"37.9274999,-122.36173959999999",Carlson/Ohio,$5.55,4217,70.28333333333333,Active,,,"bridgeMLS, Bay East AOR, or Contra Costa AOR",40904371,N,Y
91,2217 Buena Vista Ave,2217 Buena Vista Ave,San Leandro,San Leandro,52 mins,http://www.redfin.com/CA/San-Leandro/2217-Buena-Vista-Ave-94577/home/1973482,http://www.redfin.com/CA/San-Leandro/2217-Buena-Vista-Ave-94577/home/1973482,"37.7169311,-122.15043329999999",Alameda County,,3118,51.96666666666667,Active,,,BAREIS,22009985,N,Y
92,1252 Pearl St,1252 Pearl St,Alameda,Alameda,48 mins,http://www.redfin.com/CA/Alameda/1252-Pearl-St-94501/unit-C/home/1621742,http://www.redfin.com/CA/Alameda/1252-Pearl-St-94501/unit-C/home/1621742,"37.75949310000001,-122.2393872",East End,,2905,48.416666666666664,Active,,,"bridgeMLS, Bay East AOR, or Contra Costa AOR",40904280,N,Y
93,9412 Tanner Way,9412 Tanner Way,Oakland,Oakland,1 hour 7 mins,http://www.redfin.com/CA/Oakland/9412-Tanner-Way-94603/home/22693430,http://www.redfin.com/CA/Oakland/9412-Tanner-Way-94603/home/22693430,"37.7436886,-122.1799043",Helmhurst,,4014,66.9,Active,,,"bridgeMLS, Bay East AOR, or Contra Costa AOR",40904261,N,Y
94,24429 Calaveras Rd,24429 Calaveras Rd,Hayward,Hayward,1 hour 13 mins,http://www.redfin.com/CA/Hayward/24429-Calaveras-Rd-94545/home/1827297,http://www.redfin.com/CA/Hayward/24429-Calaveras-Rd-94545/home/1827297,"37.6489917,-122.10884080000001",College Park,,4405,73.41666666666667,Active,,,"bridgeMLS, Bay East AOR, or Contra Costa AOR",40904243,N,Y
95,2905 Magnolia St,2905 Magnolia St,Oakland,Oakland,40 mins,http://www.redfin.com/CA/Oakland/2905-Magnolia-St-94608/home/168796810,http://www.redfin.com/CA/Oakland/2905-Magnolia-St-94608/home/168796810,"37.821656,-122.283424",Oakland,,2387,39.78333333333333,Active,,,San Francisco MLS,497916,N,Y
96,422 Carlson Blvd,422 Carlson Blvd,Richmond,Richmond,1 hour 12 mins,http://www.redfin.com/CA/Richmond/422-Carlson-Blvd-94804/home/171561718,http://www.redfin.com/CA/Richmond/422-Carlson-Blvd-94804/home/171561718,"37.9257458,-122.33840729999999",Pullman Area,,4327,72.11666666666666,Active,,,"bridgeMLS, Bay East AOR, or Contra Costa AOR",40904176,N,Y
97,33 Mccarthy Ave,33 Mccarthy Ave,SAN FRANCISCO,SAN FRANCISCO,40 mins,http://www.redfin.com/CA/San-Francisco/33-McCarthy-Ave-94134/home/788772,http://www.redfin.com/CA/San-Francisco/33-McCarthy-Ave-94134/home/788772,"37.710173600000005,-122.41397509999999",SAN FRANCISCO,$5.60,2385,39.75,Active,,,MLSListings,ML81791846,N,Y
98,1574 Welford Cir,1574 Welford Cir,HAYWARD,HAYWARD,1 hour 58 mins,http://www.redfin.com/CA/Hayward/1574-Welford-Cir-94544/home/1430951,http://www.redfin.com/CA/Hayward/1574-Welford-Cir-94544/home/1430951,"37.6184067,-122.0674321",HAYWARD,,7085,118.08333333333333,Active,,,MLSListings,ML81791839,N,Y
99,19544 Santa Maria Ave,19544 Santa Maria Ave,Castro Valley,Castro Valley,1 hour 0 mins,http://www.redfin.com/CA/Castro-Valley/19544-Santa-Maria-Ave-94546/home/1346670,http://www.redfin.com/CA/Castro-Valley/19544-Santa-Maria-Ave-94546/home/1346670,"37.702251700000005,-122.0783517",Castro Valley,$5.95,3599,59.983333333333334,Active,,,"bridgeMLS, Bay East AOR, or Contra Costa AOR",40901901,N,Y
100,2875 Ford St,2875 Ford St,Oakland,Oakland,41 mins,http://www.redfin.com/CA/Oakland/2875-Ford-St-94601/home/40628541,http://www.redfin.com/CA/Oakland/2875-Ford-St-94601/home/40628541,"37.7727862,-122.2342459",Oakland,$4.70,2460,41.0,Active,,,"bridgeMLS, Bay East AOR, or Contra Costa AOR",40903471,N,Y
101,2002 96Th Ave,2002 96Th Ave,Oakland,Oakland,1 hour 2 mins,http://www.redfin.com/CA/Oakland/2002-96th-Ave-94603/home/594307,http://www.redfin.com/CA/Oakland/2002-96th-Ave-94603/home/594307,"37.7487097,-122.1647928",Elmhurst,,3738,62.3,Active,,,"bridgeMLS, Bay East AOR, or Contra Costa AOR",40903852,N,Y
102,16139 Via Sonora,16139 Via Sonora,San Lorenzo,San Lorenzo,1 hour 22 mins,http://www.redfin.com/CA/San-Lorenzo/16139-Via-Sonora-94580/home/700236,http://www.redfin.com/CA/San-Lorenzo/16139-Via-Sonora-94580/home/700236,"37.6722321,-122.1411845",San Lorenzo Vilg,,4906,81.76666666666667,Active,,,"bridgeMLS, Bay East AOR, or Contra Costa AOR",40903843,N,Y
103,4576 Laura Way,4576 Laura Way,Union City,Union City,1 hour 49 mins,http://www.redfin.com/CA/Union-City/4576-Laura-Way-94587/home/1038322,http://www.redfin.com/CA/Union-City/4576-Laura-Way-94587/home/1038322,"37.5787925,-122.07089450000001",New Haven,$8.75,6523,108.71666666666667,Active,,,"bridgeMLS, Bay East AOR, or Contra Costa AOR",40903683,N,Y
104,65 Sandpoint Dr,65 Sandpoint Dr,Richmond,Richmond,1 hour 36 mins,http://www.redfin.com/CA/Richmond/65-Sandpoint-Dr-94804/home/1187452,http://www.redfin.com/CA/Richmond/65-Sandpoint-Dr-94804/home/1187452,"37.9087019,-122.3459787",Sunset Pointe,,5735,95.58333333333333,Active,,,"bridgeMLS, Bay East AOR, or Contra Costa AOR",40902687,N,Y
105,4009 Market St,4009 Market St,Oakland,Oakland,37 mins,http://www.redfin.com/CA/Oakland/4009-Market-St-94608/home/528013,http://www.redfin.com/CA/Oakland/4009-Market-St-94608/home/528013,"37.8310122,-122.27413940000001",Emeryville,$4.45,2202,36.7,Active,,,"bridgeMLS, Bay East AOR, or Contra Costa AOR",40903478,N,Y
106,3750 Mcclelland St,3750 Mcclelland St,Oakland,Oakland,1 hour 18 mins,http://www.redfin.com/CA/Oakland/3750-McClelland-St-94619/home/1716480,http://www.redfin.com/CA/Oakland/3750-McClelland-St-94619/home/1716480,"37.7851394,-122.18571329999999",Upper Laurel,,4696,78.26666666666667,Active,,,"bridgeMLS, Bay East AOR, or Contra Costa AOR",40903466,N,Y
107,142 Edinburgh St,142 Edinburgh St,SAN FRANCISCO,SAN FRANCISCO,31 mins,http://www.redfin.com/CA/San-Francisco/142-Edinburgh-St-94112/home/1543895,http://www.redfin.com/CA/San-Francisco/142-Edinburgh-St-94112/home/1543895,"37.7268617,-122.4279784",SAN FRANCISCO,$3.00,1847,30.783333333333335,Active,,,MLSListings,ML81790969,N,Y
108,3110 Adeline St #115,3110 Adeline St #115,Oakland,Oakland,42 mins,http://www.redfin.com/CA/Oakland/3110-Adeline-St-94608/unit-115/home/2114770,http://www.redfin.com/CA/Oakland/3110-Adeline-St-94608/unit-115/home/2114770,"37.8227361,-122.28082409999999",West Oakland,,2506,41.766666666666666,Active,,,"bridgeMLS, Bay East AOR, or Contra Costa AOR",40903124,N,Y
109,14950 Lark St,14950 Lark St,San Leandro,San Leandro,59 mins,http://www.redfin.com/CA/San-Leandro/14950-Lark-St-94578/home/1592109,http://www.redfin.com/CA/San-Leandro/14950-Lark-St-94578/home/1592109,"37.708813899999996,-122.12734309999999",San Leandro,,3566,59.43333333333333,Active,,,"bridgeMLS, Bay East AOR, or Contra Costa AOR",40903070,N,Y
110,555 Sycamore St,555 Sycamore St,Oakland,Oakland,35 mins,http://www.redfin.com/CA/Oakland/555-Sycamore-St-94612/home/525503,http://www.redfin.com/CA/Oakland/555-Sycamore-St-94612/home/525503,"37.81509929999999,-122.26979740000002",Oakland,$4.20,2127,35.45,Active,,,"bridgeMLS, Bay East AOR, or Contra Costa AOR",40902963,N,Y
111,322 Ashton Ave,322 Ashton Ave,Oakland,Oakland,1 hour 0 mins,http://www.redfin.com/CA/Oakland/322-Ashton-Ave-94603/home/1649668,http://www.redfin.com/CA/Oakland/322-Ashton-Ave-94603/home/1649668,"37.7346268,-122.187487",Brookfield,,3573,59.55,Active,,,"bridgeMLS, Bay East AOR, or Contra Costa AOR",40902925,N,Y
112,69 Seagull Dr,69 Seagull Dr,Richmond,Richmond,1 hour 32 mins,http://www.redfin.com/CA/Richmond/69-Seagull-Dr-94804/home/1953587,http://www.redfin.com/CA/Richmond/69-Seagull-Dr-94804/home/1953587,"37.910788200000006,-122.34124109999999",Breakers,,5542,92.36666666666666,Active,,,"bridgeMLS, Bay East AOR, or Contra Costa AOR",40902550,N,Y
113,4419 Tulip Ave,4419 Tulip Ave,Oakland,Oakland,1 hour 0 mins,http://www.redfin.com/CA/Oakland/4419-Tulip-Ave-94619/home/1654682,http://www.redfin.com/CA/Oakland/4419-Tulip-Ave-94619/home/1654682,"37.7877776,-122.19112290000001",Laurel Dist,,3577,59.61666666666667,Active,,,"bridgeMLS, Bay East AOR, or Contra Costa AOR",40902386,N,Y
114,2244 109Th Ave,2244 109Th Ave,Oakland,Oakland,1 hour 12 mins,http://www.redfin.com/CA/Oakland/2244-109th-Ave-94603/home/595233,http://www.redfin.com/CA/Oakland/2244-109th-Ave-94603/home/595233,"37.7398526,-122.15427009999999",Oakland,,4297,71.61666666666666,Active,,,"bridgeMLS, Bay East AOR, or Contra Costa AOR",40902363,N,Y
115,29894 Chance St,29894 Chance St,HAYWARD,HAYWARD,1 hour 8 mins,http://www.redfin.com/CA/Hayward/29894-Chance-St-94544/home/1025132,http://www.redfin.com/CA/Hayward/29894-Chance-St-94544/home/1025132,"37.6250169,-122.05313729999999",HAYWARD,$6.25,4079,67.98333333333333,Active,,,MLSListings,ML81790043,N,Y
116,,,Richmond,Richmond,1 hour 3 mins,http://www.redfin.com/CA/Richmond/Undisclosed-address-94804/home/1725362,http://www.redfin.com/CA/Richmond/Undisclosed-address-94804/home/1725362,"37.918818,-122.32896299999999",South & East,$5.30,3768,62.8,Active,,,"bridgeMLS, Bay East AOR, or Contra Costa AOR",40902117,N,Y
117,1215 Gomer St,1215 Gomer St,HAYWARD,HAYWARD,1 hour 13 mins,http://www.redfin.com/CA/Hayward/1215-Gomer-St-94544/home/1006162,http://www.redfin.com/CA/Hayward/1215-Gomer-St-94544/home/1006162,"37.636083899999996,-122.08172990000001",HAYWARD,,4352,72.53333333333333,Active,,,MLSListings,ML81789794,N,Y
118,3833 Midvale,3833 Midvale,Oakland,Oakland,53 mins,http://www.redfin.com/CA/Oakland/3833-Midvale-Ave-94602/home/1833078,http://www.redfin.com/CA/Oakland/3833-Midvale-Ave-94602/home/1833078,"37.7965629,-122.1981284",Oakland,,3164,52.733333333333334,Active,,,"bridgeMLS, Bay East AOR, or Contra Costa AOR",40901801,N,Y
119,2406 E 24Th St,2406 E 24Th St,Oakland,Oakland,51 mins,http://www.redfin.com/CA/Oakland/2406-E-24th-St-94601/home/1117694,http://www.redfin.com/CA/Oakland/2406-E-24th-St-94601/home/1117694,"37.7895365,-122.2268993",E Oakland,,3052,50.86666666666667,Active,,,"bridgeMLS, Bay East AOR, or Contra Costa AOR",40901582,N,Y
120,2175 High St,2175 High St,Oakland,Oakland,46 mins,http://www.redfin.com/CA/Oakland/2175-High-St-94601/home/1831488,http://www.redfin.com/CA/Oakland/2175-High-St-94601/home/1831488,"37.7784148,-122.2085027",Jefferson,,2774,46.233333333333334,Active,,,"bridgeMLS, Bay East AOR, or Contra Costa AOR",40901438,N,Y
121,,,Oakland,Oakland,48 mins,http://www.redfin.com/CA/Oakland/Undisclosed-address-94606/home/842253,http://www.redfin.com/CA/Oakland/Undisclosed-address-94606/home/842253,"37.79097279999999,-122.22857250000001",Oakland,,2877,47.95,Active,,,"bridgeMLS, Bay East AOR, or Contra Costa AOR",40901079,N,Y
122,5625 Market St,5625 Market St,Oakland,Oakland,53 mins,http://www.redfin.com/CA/Oakland/5625-Market-St-94608/home/530476,http://www.redfin.com/CA/Oakland/5625-Market-St-94608/home/530476,"37.840709000000004,-122.27444960000001",Nobe,,3161,52.68333333333333,Active,,,"bridgeMLS, Bay East AOR, or Contra Costa AOR",40900920,N,Y
123,1902 Barton Way,1902 Barton Way,Hayward,Hayward,1 hour 21 mins,http://www.redfin.com/CA/Hayward/1902-Barton-Way-94545/home/895445,http://www.redfin.com/CA/Hayward/1902-Barton-Way-94545/home/895445,"37.6434946,-122.1155632",Mt Eden,,4868,81.13333333333334,Active,,,"bridgeMLS, Bay East AOR, or Contra Costa AOR",40900612,N,Y
124,1257 95th Ave,1257 95th Ave,Oakland,Oakland,58 mins,http://www.redfin.com/CA/Oakland/1257-95th-Ave-94603/home/1001368,http://www.redfin.com/CA/Oakland/1257-95th-Ave-94603/home/1001368,"37.745632,-122.17435",East Oakland,,3487,58.11666666666667,Active,,,"bridgeMLS, Bay East AOR, or Contra Costa AOR",40900517,N,Y
125,1801 Vicksburg Ave,1801 Vicksburg Ave,Oakland,Oakland,1 hour 6 mins,http://www.redfin.com/CA/Oakland/1801-Vicksburg-Ave-94601/home/556466,http://www.redfin.com/CA/Oakland/1801-Vicksburg-Ave-94601/home/556466,"37.771957799999996,-122.20327140000002",Oakland,,3958,65.96666666666667,Active,,,CRMLS,WS20062419,N,Y
126,2326 MYRTLE St,2326 MYRTLE St,Oakland,Oakland,1 hour 1 min,http://www.redfin.com/CA/Oakland/2326-Myrtle-St-94607/home/1575223,http://www.redfin.com/CA/Oakland/2326-Myrtle-St-94607/home/1575223,"37.8158782,-122.27909050000001",West Oakland,,3632,60.53333333333333,Active,,,"bridgeMLS, Bay East AOR, or Contra Costa AOR",40899585,N,Y
127,37 Seabreeze Dr,37 Seabreeze Dr,RICHMOND,RICHMOND,1 hour 32 mins,http://www.redfin.com/CA/Richmond/37-Seabreeze-Dr-94804/home/1917820,http://www.redfin.com/CA/Richmond/37-Seabreeze-Dr-94804/home/1917820,"37.9093628,-122.3407983",RICHMOND,,5541,92.35,Active,,,MLSListings,ML81786622,N,Y
128,414 Culp Ave,414 Culp Ave,Hayward,Hayward,1 hour 14 mins,http://www.redfin.com/CA/Hayward/414-Culp-Ave-94544/home/651860,http://www.redfin.com/CA/Hayward/414-Culp-Ave-94544/home/651860,"37.6527276,-122.0758216",Hayward,,4458,74.3,Active,,,"bridgeMLS, Bay East AOR, or Contra Costa AOR",40898974,N,Y
129,2075 Quesada Ave,2075 Quesada Ave,San Francisco,San Francisco,30 mins,http://www.redfin.com/CA/San-Francisco/2075-Quesada-Ave-94124/home/1231834,http://www.redfin.com/CA/San-Francisco/2075-Quesada-Ave-94124/home/1231834,"37.737195,-122.39878700000001",Silver Terrace,$3.00,1817,30.283333333333335,Active,,,San Francisco MLS,495976,N,Y
130,3162 Brent Ct,3162 Brent Ct,Castro Valley,Castro Valley,1 hour 23 mins,http://www.redfin.com/CA/Castro-Valley/3162-Brent-Ct-94546/home/715952,http://www.redfin.com/CA/Castro-Valley/3162-Brent-Ct-94546/home/715952,"37.7082613,-122.09264309999999",Castro Valley,,4978,82.96666666666667,Active,,,"bridgeMLS, Bay East AOR, or Contra Costa AOR",40898201,N,Y
131,439 Douglas Ave,439 Douglas Ave,Oakland,Oakland,51 mins,http://www.redfin.com/CA/Oakland/439-Douglas-Ave-94603/home/1761650,http://www.redfin.com/CA/Oakland/439-Douglas-Ave-94603/home/1761650,"37.731011200000005,-122.1822102",Oakland,,3088,51.46666666666667,Active,,,"bridgeMLS, Bay East AOR, or Contra Costa AOR",40897956,N,Y
132,16669 Winding,16669 Winding,San Leandro,San Leandro,1 hour 17 mins,http://www.redfin.com/CA/San-Leandro/16669-Winding-Blvd-94578/home/1123642,http://www.redfin.com/CA/San-Leandro/16669-Winding-Blvd-94578/home/1123642,"37.6994344,-122.1008088",Alameda County,,4597,76.61666666666666,Active,,,"bridgeMLS, Bay East AOR, or Contra Costa AOR",40897952,N,Y
133,9440 Mountain Blvd,9440 Mountain Blvd,Oakland,Oakland,1 hour 14 mins,http://www.redfin.com/CA/Oakland/9440-Mountain-Blvd-94605/home/1870110,http://www.redfin.com/CA/Oakland/9440-Mountain-Blvd-94605/home/1870110,"37.7585018,-122.147173",Alameda County,,4432,73.86666666666666,Active,,,BAREIS,22005059,N,Y
134,2155 42 Ave,2155 42 Ave,Oakland,Oakland,49 mins,http://www.redfin.com/CA/Oakland/2155-42nd-Ave-94601/home/2013657,http://www.redfin.com/CA/Oakland/2155-42nd-Ave-94601/home/2013657,"37.7784564,-122.2098327",Alameda County,,2938,48.96666666666667,Active,,,BAREIS,22005035,N,Y
135,508 Monogram Rd,508 Monogram Rd,San Leandro,San Leandro,57 mins,http://www.redfin.com/CA/San-Leandro/508-Monogram-Rd-94578/home/1214585,http://www.redfin.com/CA/San-Leandro/508-Monogram-Rd-94578/home/1214585,"37.7035696,-122.1434912",Medallion,,3428,57.13333333333333,Active,,,"bridgeMLS, Bay East AOR, or Contra Costa AOR",40897662,N,Y
136,1649 72nd St,1649 72nd St,Oakland,Oakland,53 mins,http://www.redfin.com/CA/Oakland/1649-72nd-Ave-94621/home/528711,http://www.redfin.com/CA/Oakland/1649-72nd-Ave-94621/home/528711,"37.7614698,-122.18593500000001",Eastmont,,3198,53.3,Active,,,"bridgeMLS, Bay East AOR, or Contra Costa AOR",40896643,N,Y
137,895 47Th St,895 47Th St,Oakland,Oakland,52 mins,http://www.redfin.com/CA/Oakland/895-47th-St-94608/home/1306392,http://www.redfin.com/CA/Oakland/895-47th-St-94608/home/1306392,"37.8357141,-122.27276599999999",Nr Child.Hosp,,3109,51.81666666666667,Active,,,"bridgeMLS, Bay East AOR, or Contra Costa AOR",40896255,N,Y
138,6327 E 17Th St,6327 E 17Th St,Oakland,Oakland,52 mins,http://www.redfin.com/CA/Oakland/6327-E-17th-St-94621/home/1256833,http://www.redfin.com/CA/Oakland/6327-E-17th-St-94621/home/1256833,"37.76413370000001,-122.1949361",Seminary,$5.00,3098,51.63333333333333,Active,,,"bridgeMLS, Bay East AOR, or Contra Costa AOR",40896171,N,Y
139,4023 Suter St,4023 Suter St,Oakland,Oakland,55 mins,http://www.redfin.com/CA/Oakland/4023-Suter-St-94619/home/1957436,http://www.redfin.com/CA/Oakland/4023-Suter-St-94619/home/1957436,"37.787701,-122.200744",Fairview Distric,,3290,54.833333333333336,Active,,,"bridgeMLS, Bay East AOR, or Contra Costa AOR",40895922,N,Y
140,257 Smalley Ave,257 Smalley Ave,Hayward,Hayward,1 hour 0 mins,http://www.redfin.com/CA/Hayward/257-Smalley-Ave-94541/home/1925288,http://www.redfin.com/CA/Hayward/257-Smalley-Ave-94541/home/1925288,"37.668368799999996,-122.0980574",Cherryland,$5.95,3594,59.9,Active,,,"bridgeMLS, Bay East AOR, or Contra Costa AOR",40895767,N,Y
141,2090 Hillside Dr,2090 Hillside Dr,San Leandro,San Leandro,1 hour 17 mins,http://www.redfin.com/CA/San-Leandro/2090-Hillside-Dr-94577/home/1983812,http://www.redfin.com/CA/San-Leandro/2090-Hillside-Dr-94577/home/1983812,"37.723611600000005,-122.1330662",Bay O Vista,,4609,76.81666666666666,Active,,,"bridgeMLS, Bay East AOR, or Contra Costa AOR",40895740,N,Y
142,5733 E 17,5733 E 17,Oakland,Oakland,59 mins,http://www.redfin.com/CA/Oakland/5733-E-17th-St-94621/home/1891698,http://www.redfin.com/CA/Oakland/5733-E-17th-St-94621/home/1891698,"37.7673745,-122.19867079999999",Oakland,,3568,59.46666666666667,Active,,,San Francisco MLS,495035,N,Y
143,1364 E 32Nd St,1364 E 32Nd St,Oakland,Oakland,46 mins,http://www.redfin.com/CA/Oakland/1364-E-32nd-St-94602/home/1670647,http://www.redfin.com/CA/Oakland/1364-E-32nd-St-94602/home/1670647,"37.8004466,-122.23217379999998",Bella Vista Hill,,2740,45.666666666666664,Active,,,"bridgeMLS, Bay East AOR, or Contra Costa AOR",40895584,N,Y
144,3030 Nicol Ave,3030 Nicol Ave,Oakland,Oakland,52 mins,http://www.redfin.com/CA/Oakland/3030-Nicol-Ave-94602/home/1970379,http://www.redfin.com/CA/Oakland/3030-Nicol-Ave-94602/home/1970379,"37.7930161,-122.21439879999998",Oakland,,3102,51.7,Active,,,"bridgeMLS, Bay East AOR, or Contra Costa AOR",40895274,N,Y
145,"914 Blenheim St Unit 914,916","914 Blenheim St Unit 914,916",Oakland,Oakland,1 hour 3 mins,http://www.redfin.com/CA/Oakland/914-Blenheim-St-94603/unit-914-916/home/170503888,http://www.redfin.com/CA/Oakland/914-Blenheim-St-94603/unit-914-916/home/170503888,"37.7340599,-122.17232109999999",San Leandro Brdr,,3763,62.71666666666667,Active,,,"bridgeMLS, Bay East AOR, or Contra Costa AOR",40894504,N,Y
146,1839 9th Ave,1839 9th Ave,Oakland,Oakland,40 mins,http://www.redfin.com/CA/Oakland/1839-9th-Ave-94606/home/533087,http://www.redfin.com/CA/Oakland/1839-9th-Ave-94606/home/533087,"37.796034399999996,-122.24634520000001",Oakland,,2387,39.78333333333333,Active,,,CRMLS,PW20026631,N,Y
147,2271 Washington Ave,2271 Washington Ave,SAN LEANDRO,SAN LEANDRO,50 mins,http://www.redfin.com/CA/San-Leandro/2271-Washington-Ave-94577/home/170376260,http://www.redfin.com/CA/San-Leandro/2271-Washington-Ave-94577/home/170376260,"37.71602120000001,-122.1510321",SAN LEANDRO,$5.40,2985,49.75,Active,,,MLSListings,ML81780820,N,Y
148,3800 Magee Ave,3800 Magee Ave,Oakland,Oakland,51 mins,http://www.redfin.com/CA/Oakland/3800-Magee-Ave-94619/home/547845,http://www.redfin.com/CA/Oakland/3800-Magee-Ave-94619/home/547845,"37.794427500000005,-122.1970643",Upper Laurel,,3076,51.266666666666666,Active,,,"bridgeMLS, Bay East AOR, or Contra Costa AOR",40892499,N,Y
149,27427 Patrick Ave,27427 Patrick Ave,Hayward,Hayward,1 hour 5 mins,http://www.redfin.com/CA/Hayward/27427-Patrick-Ave-94544/home/1374529,http://www.redfin.com/CA/Hayward/27427-Patrick-Ave-94544/home/1374529,"37.6325032,-122.07977199999999",A Street,,3928,65.46666666666667,Active,,,"bridgeMLS, Bay East AOR, or Contra Costa AOR",40891731,N,Y
150,2634 Highland Ave,2634 Highland Ave,Oakland,Oakland,52 mins,http://www.redfin.com/CA/Oakland/2634-Highland-Ave-94606/home/1936406,http://www.redfin.com/CA/Oakland/2634-Highland-Ave-94606/home/1936406,"37.794382899999995,-122.2295477",Alameda County,,3120,52.0,Active,,,BAREIS,21930864,N,Y
151,22592 Pearl Ave,22592 Pearl Ave,Hayward,Hayward,1 hour 17 mins,http://www.redfin.com/CA/Hayward/22592-Pearl-Ave-94541/home/954531,http://www.redfin.com/CA/Hayward/22592-Pearl-Ave-94541/home/954531,"37.6839854,-122.0645467",Downtown Hayward,,4601,76.68333333333334,Active,,,"bridgeMLS, Bay East AOR, or Contra Costa AOR",40890973,N,Y
152,4431 Penniman Ave,4431 Penniman Ave,Oakland,Oakland,53 mins,http://www.redfin.com/CA/Oakland/4431-Penniman-Ave-94619/home/559924,http://www.redfin.com/CA/Oakland/4431-Penniman-Ave-94619/home/559924,"37.782515000000004,-122.19945849999999",Maxwell  Park,,3165,52.75,Active,,,"bridgeMLS, Bay East AOR, or Contra Costa AOR",40890376,N,Y
153,10633 PEARMAIN St,10633 PEARMAIN St,Oakland,Oakland,1 hour 7 mins,http://www.redfin.com/CA/Oakland/10633-Pearmain-St-94603/home/1727606,http://www.redfin.com/CA/Oakland/10633-Pearmain-St-94603/home/1727606,"37.7335425,-122.1757358",Oakland,,4024,67.06666666666666,Active,,,"bridgeMLS, Bay East AOR, or Contra Costa AOR",40887307,N,Y
154,2726 60Th Ave,2726 60Th Ave,Oakland,Oakland,1 hour 3 mins,http://www.redfin.com/CA/Oakland/2726-60th-Ave-94605/home/1363222,http://www.redfin.com/CA/Oakland/2726-60th-Ave-94605/home/1363222,"37.772038200000004,-122.1878417",Seminary,,3786,63.1,Active,,,"bridgeMLS, Bay East AOR, or Contra Costa AOR",40887113,N,Y
155,669 Catron Dr,669 Catron Dr,Oakland,Oakland,49 mins,http://www.redfin.com/CA/Oakland/669-Catron-Dr-94603/home/1290037,http://www.redfin.com/CA/Oakland/669-Catron-Dr-94603/home/1290037,"37.7284085,-122.1720107",El Sobrante Park,,2956,49.266666666666666,Active,,,"bridgeMLS, Bay East AOR, or Contra Costa AOR",40887020,N,Y
156,2922 Parker Ave,2922 Parker Ave,Oakland,Oakland,1 hour 10 mins,http://www.redfin.com/CA/Oakland/2922-Parker-Ave-94605/home/1963068,http://www.redfin.com/CA/Oakland/2922-Parker-Ave-94605/home/1963068,"37.7672261,-122.1659348",Oakland,,4224,70.4,Active,,,San Francisco MLS,491292,N,Y
157,4344 Overend Ave,4344 Overend Ave,Richmond,Richmond,56 mins,http://www.redfin.com/CA/Richmond/4344-Overend-Ave-94804/home/1881353,http://www.redfin.com/CA/Richmond/4344-Overend-Ave-94804/home/1881353,"37.9260938,-122.3283113",South Richmond,$5.30,3376,56.266666666666666,Active,,,"bridgeMLS, Bay East AOR, or Contra Costa AOR",40884993,N,Y
158,2757 106thh,2757 106thh,Oakland,Oakland,1 hour 6 mins,http://www.redfin.com/CA/Oakland/2757-106th-Ave-94605/home/1843763,http://www.redfin.com/CA/Oakland/2757-106th-Ave-94605/home/1843763,"37.744493799999994,-122.1502669",Elmhurst,,3933,65.55,Active,,,"bridgeMLS, Bay East AOR, or Contra Costa AOR",40881823,N,Y
159,1749 24Th Ave,1749 24Th Ave,Oakland,Oakland,47 mins,http://www.redfin.com/CA/Oakland/1749-24th-Ave-94601/home/909190,http://www.redfin.com/CA/Oakland/1749-24th-Ave-94601/home/909190,"37.7857576,-122.23146470000002",East Oakland,,2846,47.43333333333333,Active,,,"bridgeMLS, Bay East AOR, or Contra Costa AOR",40873157,N,Y
160,24203 2nd St,24203 2nd St,Hayward,Hayward,1 hour 8 mins,http://www.redfin.com/CA/Hayward/24203-2nd-St-94541/home/168818738,http://www.redfin.com/CA/Hayward/24203-2nd-St-94541/home/168818738,"37.669989,-122.07225700000001",Parkside Heights,,4081,68.01666666666667,Active,,,NewHomeSource.com,1861276,N,Y
161,24205 2nd St,24205 2nd St,Hayward,Hayward,1 hour 9 mins,http://www.redfin.com/CA/Hayward/24205-2nd-St-94541/home/168818739,http://www.redfin.com/CA/Hayward/24205-2nd-St-94541/home/168818739,"37.669949,-122.072177",Parkside Heights,,4118,68.63333333333334,Active,,,NewHomeSource.com,1861277,N,Y
162,24211 2nd St,24211 2nd St,Hayward,Hayward,1 hour 9 mins,http://www.redfin.com/CA/Hayward/24211-2nd-St-94541/home/168818742,http://www.redfin.com/CA/Hayward/24211-2nd-St-94541/home/168818742,"37.669828,-122.07193500000001",Parkside Heights,,4139,68.98333333333333,Active,,,NewHomeSource.com,1861278,N,Y
163,24215 2nd St,24215 2nd St,Hayward,Hayward,1 hour 12 mins,http://www.redfin.com/CA/Hayward/24215-2nd-St-94541/home/168818744,http://www.redfin.com/CA/Hayward/24215-2nd-St-94541/home/168818744,"37.669748,-122.071774",Parkside Heights,,4344,72.4,Active,,,NewHomeSource.com,1805428,N,Y
164,Plan 3,Plan 3,Hayward,Hayward,1 hour 9 mins,http://www.redfin.com/CA/Hayward/Parkside-Heights/Plan-3/home/169892129,http://www.redfin.com/CA/Hayward/Parkside-Heights/Plan-3/home/169892129,"37.6698066,-122.07297379999999",Parkside Heights,,4156,69.26666666666667,Active,,,NewHomeSource.com,Plan-121579170,N,Y
165,Plan 2,Plan 2,Hayward,Hayward,1 hour 9 mins,http://www.redfin.com/CA/Hayward/Parkside-Heights/Plan-2/home/169958594,http://www.redfin.com/CA/Hayward/Parkside-Heights/Plan-2/home/169958594,"37.6698066,-122.07297379999999",Parkside Heights,,4156,69.26666666666667,Active,,,NewHomeSource.com,Plan-121579169,N,Y
166,Plan 1,Plan 1,Hayward,Hayward,1 hour 9 mins,http://www.redfin.com/CA/Hayward/Parkside-Heights/Plan-1/home/169958596,http://www.redfin.com/CA/Hayward/Parkside-Heights/Plan-1/home/169958596,"37.6698066,-122.07297379999999",Parkside Heights,,4156,69.26666666666667,Active,,,NewHomeSource.com,Plan-121579168,N,Y
167,Infinity 1000,Infinity 1000,San Francisco,San Francisco,20 mins,http://www.redfin.com/CA/San-Francisco/Gaia-Homes/Infinity-1000/home/169599461,http://www.redfin.com/CA/San-Francisco/Gaia-Homes/Infinity-1000/home/169599461,"37.798864,-122.43771699999999",Gaia Homes,$4.50,1194,19.9,Active,,,NewHomeSource.com,Plan-121706986,N,Y
168,Orion 1200,Orion 1200,San Francisco,San Francisco,20 mins,http://www.redfin.com/CA/San-Francisco/Gaia-Homes/Orion-1200/home/169599460,http://www.redfin.com/CA/San-Francisco/Gaia-Homes/Orion-1200/home/169599460,"37.798864,-122.43771699999999",Gaia Homes,$4.50,1194,19.9,Active,,,NewHomeSource.com,Plan-121706987,N,Y
169,Newport Residence 2,Newport Residence 2,Newark,Newark,,http://www.redfin.com/CA/Newark/Compass-Bay/Newport-Residence-2/home/171821108,http://www.redfin.com/CA/Newark/Compass-Bay/Newport-Residence-2/home/171821108,"37.518159999999995,-122.054325",Compass Bay,,,,Active,,,NewHomeSource.com,Plan-111801792,N,Y
170,Atlantis 975,Atlantis 975,San Francisco,San Francisco,19 mins,http://www.redfin.com/CA/San-Francisco/Gaia-Homes/Atlantis-975/home/169599462,http://www.redfin.com/CA/San-Francisco/Gaia-Homes/Atlantis-975/home/169599462,"37.798864,-122.43771699999999",Gaia Homes,$4.50,1134,18.9,Active,,,NewHomeSource.com,Plan-121706985,N,Y
171,Savannah 875,Savannah 875,San Francisco,San Francisco,19 mins,http://www.redfin.com/CA/San-Francisco/Gaia-Homes/Savannah-875/home/169599463,http://www.redfin.com/CA/San-Francisco/Gaia-Homes/Savannah-875/home/169599463,"37.798864,-122.43771699999999",Gaia Homes,$4.50,1134,18.9,Active,,,NewHomeSource.com,Plan-121706984,N,Y
172,Stellar 820,Stellar 820,San Francisco,San Francisco,19 mins,http://www.redfin.com/CA/San-Francisco/Gaia-Homes/Stellar-820/home/169599464,http://www.redfin.com/CA/San-Francisco/Gaia-Homes/Stellar-820/home/169599464,"37.798864,-122.43771699999999",Gaia Homes,$4.50,1134,18.9,Active,,,NewHomeSource.com,Plan-121706983,N,Y
173,Residence 3 WLH,Residence 3 WLH,Richmond,Richmond,1 hour 25 mins,http://www.redfin.com/CA/Richmond/Rows-at-NOMA/Residence-3-WLH/home/170540836,http://www.redfin.com/CA/Richmond/Rows-at-NOMA/Residence-3-WLH/home/170540836,"37.920715,-122.35547700000001",Rows at NOMA,,5111,85.18333333333334,Active,,,NewHomeSource.com,Plan-121781294,N,Y
174,Plan 5 WLH,Plan 5 WLH,Hayward,Hayward,1 hour 4 mins,http://www.redfin.com/CA/Hayward/SoHay-Line/Plan-5-WLH/home/170540844,http://www.redfin.com/CA/Hayward/SoHay-Line/Plan-5-WLH/home/170540844,"37.632475,-122.049066",SoHay Line,$6.25,3856,64.26666666666667,Active,,,NewHomeSource.com,Plan-121781292,N,Y
175,Plan 3 Modeled,Plan 3 Modeled,Hayward,Hayward,1 hour 3 mins,http://www.redfin.com/CA/Hayward/Motion-at-Mission-Crossing/Plan-3-Modeled/home/169130505,http://www.redfin.com/CA/Hayward/Motion-at-Mission-Crossing/Plan-3-Modeled/home/169130505,"37.6478013,-122.06487959999998",Motion at Mission Crossing,,3774,62.9,Active,,,NewHomeSource.com,Plan-111707850,N,Y
176,4387 Gem Ave,4387 Gem Ave,Castro Valley,Castro Valley,1 hour 22 mins,http://www.redfin.com/CA/Castro-Valley/4387-Gem-Ave-94546/home/827610,http://www.redfin.com/CA/Castro-Valley/4387-Gem-Ave-94546/home/827610,"37.6975806,-122.0591973",Castro Valley,,4939,82.31666666666666,Pre On-Market,,,Coming Soon,56481,N,Y
