SALE TYPE,SOLD DATE,PROPERTY TYPE,ADDRESS,CITY,STATE OR PROVINCE,ZIP OR POSTAL CODE,PRICE,BEDS,BATHS,LOCATION,SQUARE FEET,LOT SIZE,YEAR BUILT,DAYS ON MARKET,$/SQUARE FEET,HOA/MONTH,STATUS,NEXT OPEN HOUSE START TIME,NEXT OPEN HOUSE END TIME,URL (SEE http://www.redfin.com/buy-a-home/comparative-market-analysis FOR INFO ON PRICING),SOURCE,MLS#,FAVORITE,INTERESTED,LATITUDE,LONGITUDE
MLS Listing,,Single Family Residential,1994 Corsica Way,Brentwood,CA,94513,830000,2,2.5,Trilogy Vineyards,2054,5719,2016,1,404,346,Active,,,http://www.redfin.com/CA/Brentwood/1994-Corsica-Way-94513/home/56908377,"bridgeMLS, Bay East AOR, or Contra Costa AOR",40906070,N,Y,37.897804,-121.7201471
MLS Listing,,Single Family Residential,2613 Forty Niner Way,Antioch,CA,94531,535000,4,2.0,Laurel Ridge,2014,7160,1995,1,266,,Active,,,http://www.redfin.com/CA/Antioch/2613-Forty-Niner-Way-94531/home/1634495,"bridgeMLS, Bay East AOR, or Contra Costa AOR",40906322,N,Y,37.9589176,-121.7787118
MLS Listing,,Single Family Residential,332 Blue Lake Cir,Oakley,CA,94561,849998,5,4.0,Oakley,4042,11325,2007,1,210,144,Active,,,http://www.redfin.com/CA/Oakley/332-Blue-Lake-Ct-94561/home/17169741,"bridgeMLS, Bay East AOR, or Contra Costa AOR",40906029,N,Y,37.9882465,-121.6334572
MLS Listing,,Single Family Residential,516 Patterson Blvd,Pleasant Hill,CA,94523,899000,3,2.0,Poets Corner,1557,8000,1956,1,577,,Active,,,http://www.redfin.com/CA/Pleasant-Hill/516-Patterson-Blvd-94523/home/847538,"bridgeMLS, Bay East AOR, or Contra Costa AOR",40906438,N,Y,37.9361913,-122.0719155
MLS Listing,,Single Family Residential,4911 Ridgefield Cir,Fairfield,CA,94534,665000,4,4.0,Cordelia,2755,8050,2006,2,241,,Active,,,http://www.redfin.com/CA/Fairfield/4911-Ridgefield-Cir-94534/home/2629507,BAREIS,22011250,N,Y,38.1667429,-122.139906
MLS Listing,,Single Family Residential,246 Monte Vista Ln,DALY CITY,CA,94015,898000,3,2.5,DALY CITY,1600,1392,1981,2,561,350,Active,,,http://www.redfin.com/CA/Daly-City/246-Monte-Vista-Ln-94015/home/922403,MLSListings,ML81794298,Y,Y,37.658315,-122.463216
MLS Listing,,Single Family Residential,1401 Cypress Dr,Tracy,CA,95376,410000,3,2.0,Tracy Central,1120,5179,1979,2,,,Active,,,http://www.redfin.com/CA/Tracy/1401-Cypress-Dr-95376/home/19761100,MetroList,20030224,N,Y,37.7339485,-121.4413995
MLS Listing,,Single Family Residential,1950 Evergreen Ave,San Leandro,CA,94577,799888,3,2.0,Assumption Parsh,1940,5700,1956,3,412,,Active,,,http://www.redfin.com/CA/San-Leandro/1950-Evergreen-Ave-94577/home/1939632,"bridgeMLS, Bay East AOR, or Contra Costa AOR",40905479,N,Y,37.7226265,-122.1368593
MLS Listing,,Single Family Residential,84 Heritage Way,Brentwood,CA,94513,539000,4,3.0,Providence,1654,5009,2001,8,326,,Active,,,http://www.redfin.com/CA/Brentwood/84-Heritage-Way-94513/home/1494447,"bridgeMLS, Bay East AOR, or Contra Costa AOR",40905807,N,Y,37.9243343,-121.6792383
MLS Listing,,Single Family Residential,9648 Dunbar Dr,Oakland,CA,94603,669880,3,2.5,Stonehurst,1414,2015,2011,15,474,125,Active,,,http://www.redfin.com/CA/Oakland/9648-Dunbar-Dr-94603/home/28697352,"bridgeMLS, Bay East AOR, or Contra Costa AOR",40904884,N,Y,37.7411837,-122.1787301
MLS Listing,,Single Family Residential,3306 Shenandoah Ct,Fairfield,CA,94534,529000,4,2.0,Fairfield 4,1703,9509,1997,15,311,,Active,,,http://www.redfin.com/CA/Fairfield/3306-Shenandoah-Ct-94534/home/2532780,BAREIS,22010337,N,Y,38.2589637,-122.0701843
MLS Listing,,Single Family Residential,1768 Home Gate Dr,SAN JOSE,CA,95148,799777,3,2.5,SAN JOSE,1376,3360,1984,28,581,120,Active,,,http://www.redfin.com/CA/San-Jose/1768-Home-Gate-Dr-95148/home/1038794,MLSListings,ML81791011,N,Y,37.340297,-121.819251
MLS Listing,,Single Family Residential,3015 Point Pleasant Rd,Elk Grove,CA,95757,525000,4,3.0,Elk Grove,1979,159430,1930,29,,,Active,,,http://www.redfin.com/CA/Elk-Grove/3015-Point-Pleasant-Rd-95757/home/19278430,MetroList,20023945,N,Y,38.3212924,-121.463985
MLS Listing,,Single Family Residential,6645 Spruce Ln,Dublin,CA,94568,898888,3,2.0,Echo Park,1464,5399,1965,29,614,,Active,,,http://www.redfin.com/CA/Dublin/6645-Spruce-Ln-94568/home/1429042,"bridgeMLS, Bay East AOR, or Contra Costa AOR",40903138,N,Y,37.708749,-121.9170657
MLS Listing,,Single Family Residential,91 Bonnie Dr,San Pablo,CA,94806,399000,4,2.0,Montalvin Manor,1184,6820,1954,47,337,,Active,,,http://www.redfin.com/CA/San-Pablo/91-Bonnie-Dr-94806/home/1083383,"bridgeMLS, Bay East AOR, or Contra Costa AOR",40901497,N,Y,37.9983483,-122.3271156
MLS Listing,,Single Family Residential,391 Princess Way,Brentwood,CA,94513,687000,5,4.0,Brentwood,2873,4200,2017,57,239,,Active,,,http://www.redfin.com/CA/Brentwood/391-Princess-Way-94513/home/142978182,"bridgeMLS, Bay East AOR, or Contra Costa AOR",40900830,N,Y,37.939749,-121.70491
MLS Listing,,Single Family Residential,1888 San Vincente Dr,Concord,CA,94519,585000,3,2.0,Monte Gardens,1033,8125,1949,59,566,,Active,,,http://www.redfin.com/CA/Concord/1888-San-Vincente-Dr-94519/home/1676178,"bridgeMLS, Bay East AOR, or Contra Costa AOR",40900651,N,Y,37.9865061,-122.0080654
MLS Listing,,Single Family Residential,291 Water Lily Cir,Vacaville,CA,95687,542900,3,2.0,Vacaville 7,1780,4696,2017,65,305,,Active,,,http://www.redfin.com/CA/Vacaville/291-Water-Lily-Cir-95687/home/143454549,BAREIS,22006657,N,Y,38.3508519,-121.9262224
MLS Listing,,Single Family Residential,4782 Mills Dr,Brentwood,CA,94513,525000,4,2.0,California Glory,1591,6360,1996,74,330,,Active,,,http://www.redfin.com/CA/Brentwood/4782-Mills-Dr-94513/home/1419465,"bridgeMLS, Bay East AOR, or Contra Costa AOR",40899541,N,Y,37.9186547,-121.6882364
MLS Listing,,Single Family Residential,1451 Como Dr,Manteca,CA,95337,760000,4,2.5,Far South Manteca,3358,8751,2007,79,,133,Active,,,http://www.redfin.com/CA/Manteca/1451-Como-Dr-95337/home/22495634,MetroList,20015243,N,Y,37.7807073,-121.2841392
MLS Listing,,Single Family Residential,4831 Spinnaker Way,Discovery Bay,CA,94505,740000,3,2.0,Delta Waterfront,1638,7200,1985,85,452,,Active,,,http://www.redfin.com/CA/Discovery-Bay/4831-Spinnaker-Way-94505/home/1927604,"bridgeMLS, Bay East AOR, or Contra Costa AOR",40898154,N,Y,37.8960214,-121.6029485
MLS Listing,,Single Family Residential,1591 California Trl,Brentwood,CA,94513,829000,3,2.0,Trilogy Vineyards,1946,7026,2014,88,426,333,Active,,,http://www.redfin.com/CA/Brentwood/1591-California-Trl-94513/home/23118142,"bridgeMLS, Bay East AOR, or Contra Costa AOR",40897553,N,Y,37.9030457,-121.72932
MLS Listing,,Single Family Residential,2080 Rioja Way,Brentwood,CA,94513,765000,2,2.5,Trilogy Vineyards,2161,6869,2016,107,354,347,Active,,,http://www.redfin.com/CA/Brentwood/2080-Rioja-Way-94513/home/56908418,"bridgeMLS, Bay East AOR, or Contra Costa AOR",40895399,N,Y,37.89474,-121.7252012
MLS Listing,,Single Family Residential,763 Tannehill Dr,Manteca,CA,95337,675000,4,4.0,South Manteca,3774,8917,2001,114,,,Active,,,http://www.redfin.com/CA/Manteca/763-Tannehill-Dr-95337/home/19734295,MetroList,20007141,N,Y,37.7691881,-121.2045465
MLS Listing,,Single Family Residential,2046 Eva St,Napa,CA,94559,625000,4,3.0,Napa,2206,2100,2016,116,283,313,Active,,,http://www.redfin.com/CA/Napa/2046-Eva-St-94559/home/109570776,BAREIS,22002194,N,Y,38.2783458,-122.2935855
Redfin Data,,Single Family Residential,8060 Mitchell Dr,Rohnert Park,CA,94928,625000,3,2.5,Rohnert Park,1796,4500,1989,2,348,,Pre On-Market,,,http://www.redfin.com/CA/Rohnert-Park/8060-Mitchell-Dr-94928/home/2358089,Coming Soon,56435,N,Y,38.3264362,-122.6818446
Redfin Data,,Single Family Residential,2440 Hagemann Way,Fairfield,CA,94533,695000,4,2.5,Fairfield,3342,6500,2015,3,208,,Pre On-Market,,,http://www.redfin.com/CA/Fairfield/2440-Hagemann-Way-94533/home/84717819,Coming Soon,56365,N,Y,38.3034904,-121.9752142
MLS Listing,,Single Family Residential,7637 Beth Ct,Rohnert Park,CA,94928,625000,3,2.0,Cotati/Rohnert Park,1502,6000,1968,1,416,,Active,,,http://www.redfin.com/CA/Rohnert-Park/7637-Beth-Ct-94928/home/2543251,BAREIS,22011089,N,Y,38.3358871,-122.6949071
MLS Listing,,Single Family Residential,3011 Luedke Pl,SAN JOSE,CA,95111,868000,4,2.5,SAN JOSE,1568,3549,1998,1,554,50,Active,,,http://www.redfin.com/CA/San-Jose/3011-Luedke-Pl-95111/home/1205992,MLSListings,ML81794604,N,Y,37.2901423,-121.8443185
MLS Listing,,Single Family Residential,4064 Montgomery Hill Dr,Antioch,CA,94531,559000,4,3.0,Dallas Estates,2179,6425,2000,1,257,,Active,,,http://www.redfin.com/CA/Antioch/4064-Montgomery-Hill-Dr-94531/home/1521725,"bridgeMLS, Bay East AOR, or Contra Costa AOR",40905947,N,Y,37.9684082,-121.8028989
MLS Listing,,Single Family Residential,2509 Tennessee St,Vallejo,CA,94591,460000,4,2.0,Vallejo 1,1552,5227,1942,1,296,,Active,,,http://www.redfin.com/CA/Vallejo/2509-Tennessee-St-94591/home/2287063,BAREIS,22011665,N,Y,38.1094142,-122.2205827
MLS Listing,,Single Family Residential,586 Altessa Ct,Brentwood,CA,94513,635000,5,3.5,Brentwood Hills,2771,6654,2003,1,229,,Active,,,http://www.redfin.com/CA/Brentwood/586-Altessa-Ct-94513/home/1686460,"bridgeMLS, Bay East AOR, or Contra Costa AOR",40906635,N,Y,37.93894,-121.7421208
MLS Listing,,Single Family Residential,1991 Kalis St,Fairfield,CA,94533,533000,4,2.5,Suisun 10,2346,2840,2020,1,227,190,Active,,,http://www.redfin.com/CA/Fairfield/1991-Kalis-St-94533/home/171948291,BAREIS,22011890,N,Y,38.263822,-121.990716
MLS Listing,,Single Family Residential,227 Sasha Rose Dr,Galt,CA,95632,350000,4,2.0,Galt,1260,6534,1997,1,,,Active,,,http://www.redfin.com/CA/Galt/227-Sasha-Rose-Dr-95632/home/19273661,MetroList,20030789,N,Y,38.2523427,-121.3202976
MLS Listing,,Single Family Residential,2348 Corbin,Lodi,CA,95242,418500,4,2.0,Lodi/Woodbdg/Sunnyside Estates/Henderson Village,1492,5798,1965,1,,,Active,,,http://www.redfin.com/CA/Lodi/2348-Corbin-Ln-95242/home/19863492,MetroList,20030718,N,Y,38.1268215,-121.3042525
MLS Listing,,Single Family Residential,1867 Pleasant Hill Rd,Pleasant Hill,CA,94523,819000,4,3.0,Pleasant Hill,1635,9840,1948,1,501,,Active,,,http://www.redfin.com/CA/Pleasant-Hill/1867-Pleasant-Hill-Rd-94523/home/1887593,"bridgeMLS, Bay East AOR, or Contra Costa AOR",40906165,N,Y,37.9338641,-122.0854533
MLS Listing,,Single Family Residential,621 Poppy Ave,Patterson,CA,95363,365000,4,2.5,Patterson,1848,5924,1989,1,,,Active,,,http://www.redfin.com/CA/Patterson/621-Poppy-Ave-95363/home/19959553,MetroList,20030468,N,Y,37.4608607,-121.1325763
MLS Listing,,Single Family Residential,662 Travertine Ct,Fairfield,CA,94534,508000,3,2.5,Green Valley 1,1722,3184,2011,1,295,105,Active,,,http://www.redfin.com/CA/Fairfield/662-Travertine-Ct-94534/home/22574058,BAREIS,22011855,N,Y,38.230419,-122.13021
MLS Listing,,Single Family Residential,1510 Harvest Dr,SAN JOSE,CA,95127,800000,3,2.0,SAN JOSE,1324,6313,1961,1,604,,Active,,,http://www.redfin.com/CA/San-Jose/1510-Harvest-Dr-95127/home/1639872,MLSListings,ML81794573,N,Y,37.3551423,-121.801297
MLS Listing,,Single Family Residential,1060 69Th Ave,Oakland,CA,94621,500000,3,2.0,Oakland,1080,3500,1924,1,463,,Active,,,http://www.redfin.com/CA/Oakland/1060-69th-Ave-94621/home/1995369,"bridgeMLS, Bay East AOR, or Contra Costa AOR",40906616,N,Y,37.758351,-122.193427
MLS Listing,,Single Family Residential,544 Lupine Cir,Vacaville,CA,95687,440000,4,2.5,Vacaville 7,1943,6299,1990,1,226,,Active,,,http://www.redfin.com/CA/Vacaville/544-Lupine-Cir-95687/home/2500395,BAREIS,22011871,N,Y,38.3363894,-121.9447113
MLS Listing,,Single Family Residential,2135 Inman Ave,Stockton,CA,95204,329000,3,2.0,Central Stockton,1647,11639,1949,1,,,Active,,,http://www.redfin.com/CA/Stockton/2135-Inman-Ave-95204/home/19815976,MetroList,20030766,N,Y,37.9747415,-121.3315879
MLS Listing,,Single Family Residential,6235 Newhaven Ln,Vallejo,CA,94591,519900,3,2.5,Vallejo 7,1996,3115,2005,1,260,80,Active,,,http://www.redfin.com/CA/Vallejo/6235-Newhaven-Ln-94591/home/2615893,BAREIS,22011868,N,Y,38.154222,-122.1799043
MLS Listing,,Single Family Residential,2300 Rutland Ct,Brentwood,CA,94513,899000,5,3.0,Brentwood,3905,10435,2017,1,230,,Active,,,http://www.redfin.com/CA/Brentwood/2300-Rutland-Ct-94513/home/56908830,"bridgeMLS, Bay East AOR, or Contra Costa AOR",40906612,N,Y,37.9560371,-121.7059225
MLS Listing,,Single Family Residential,1430 Christina Dr,Tracy,CA,95376,449900,3,2.5,Tracy Central,1548,3912,1989,1,,,Active,,,http://www.redfin.com/CA/Tracy/1430-Christina-Dr-95376/home/19033180,MetroList,20030761,N,Y,37.7550942,-121.4421584
MLS Listing,,Single Family Residential,1625 N Edgewood Dr,Lodi,CA,95240,519950,4,2.5,Lodi/Woodbdg/Sunnyside Estates/Henderson Village,2157,9239,1967,1,,,Active,,,http://www.redfin.com/CA/Lodi/1625-Edgewood-Dr-95240/home/19857972,MetroList,20030722,N,Y,38.1507358,-121.2849438
MLS Listing,,Single Family Residential,913 Winddrift Way,OAKLEY,CA,94561,621000,5,4.0,OAKLEY,3093,4840,2018,1,201,,Active,,,http://www.redfin.com/CA/Oakley/Unknown-94561/home/142978752,MLSListings,ML81794561,N,Y,37.993461,-121.680075
MLS Listing,,Single Family Residential,10 Harbor View Dr,Richmond,CA,94804,885000,3,3.5,Sunset Pointe,1880,3402,1997,1,471,130,Active,,,http://www.redfin.com/CA/Richmond/10-Harbor-View-Dr-94804/home/1602293,"bridgeMLS, Bay East AOR, or Contra Costa AOR",40906607,N,Y,37.9084159,-122.3492108
MLS Listing,,Single Family Residential,1332 Almondwood Dr,Antioch,CA,94509,429000,3,3.0,Antioch/Oakley,1508,3420,1983,1,284,8,Active,,,http://www.redfin.com/CA/Antioch/1332-Almondwood-Dr-94509/home/1524130,San Francisco MLS,498945,N,Y,37.995543,-121.78841
MLS Listing,,Single Family Residential,2055 Misone St,Manteca,CA,95337,515000,4,3.0,North Manteca,2408,6098,2018,1,,,Active,,,http://www.redfin.com/CA/Manteca/2055-Misone-St-95337/home/109708549,MetroList,20030732,N,Y,37.8137818,-121.2520357
MLS Listing,,Single Family Residential,600 Meadow Bay Dr,American Canyon,CA,94503,570000,4,2.0,American Canyon,1838,7322,2002,1,310,,Active,,,http://www.redfin.com/CA/American-Canyon/600-Meadow-Bay-Dr-94503/home/12221274,BAREIS,22011844,N,Y,38.1573647,-122.2642145
MLS Listing,,Single Family Residential,1413 Baywood Dr,Petaluma,CA,94954,649000,4,2.0,Petaluma East,1498,8398,1969,1,433,,Active,,,http://www.redfin.com/CA/Petaluma/1413-Baywood-Dr-94954/home/2518015,BAREIS,22011698,N,Y,38.2412615,-122.6097503
MLS Listing,,Single Family Residential,14869 Midland Rd,San Leandro,CA,94578,829000,3,2.0,Hill Crest Knoll,1644,6725,1992,1,504,,Active,,,http://www.redfin.com/CA/San-Leandro/14869-Midland-Rd-94578/home/1966058,"bridgeMLS, Bay East AOR, or Contra Costa AOR",40906603,N,Y,37.7126032,-122.1233501
MLS Listing,,Single Family Residential,513 Lavender Dr,Vacaville,CA,95687,520000,4,3.5,Vacaville 7,2100,3598,2018,1,248,,Active,,,http://www.redfin.com/CA/Vacaville/513-Lavender-Dr-95687/home/146865711,BAREIS,22011818,N,Y,38.348819,-121.922338
MLS Listing,,Single Family Residential,2059 Monique St,TRACY,CA,95304,688000,5,3.0,TRACY,3361,6500,2004,1,205,,Active,,,http://www.redfin.com/CA/Tracy/2059-Monique-St-95304/home/19724118,MLSListings,ML81794555,N,Y,37.7157857,-121.4012169
MLS Listing,,Single Family Residential,1847 Elkwood Dr,Concord,CA,94519,610000,4,2.0,Dana Estates,1738,7800,1965,1,351,,Active,,,http://www.redfin.com/CA/Concord/1847-Elkwood-Dr-94519/home/697746,"bridgeMLS, Bay East AOR, or Contra Costa AOR",40906599,N,Y,37.9889418,-121.9990488
MLS Listing,,Single Family Residential,4048 Steamboat Cove Ln,Stockton,CA,95219,525000,4,2.5,Far Northwest Stockton,2314,7261,2003,1,,97,Active,,,http://www.redfin.com/CA/Stockton/4048-Steamboat-Cove-Ln-95219/home/19729773,MetroList,20030733,N,Y,37.9924337,-121.3656436
MLS Listing,,Single Family Residential,1234 Raymond Dr,Pacheco,CA,94553,609000,3,2.0,Pacheco,1331,6000,1956,1,458,,Active,,,http://www.redfin.com/CA/Pacheco/1234-Raymond-Dr-94553/home/1901167,"bridgeMLS, Bay East AOR, or Contra Costa AOR",40906598,N,Y,37.9848277,-122.0747563
MLS Listing,,Single Family Residential,2791 Canal Ct,FAIRFIELD,CA,94533,639000,4,2.5,FAIRFIELD,2209,13281,1989,1,289,,Active,,,http://www.redfin.com/CA/Fairfield/2791-Canal-Ct-94533/home/2141022,MLSListings,ML81794548,N,Y,38.2794144,-122.0069994
MLS Listing,,Single Family Residential,915 Gerling Ct,Galt,CA,95632,565000,5,3.0,Galt,2790,13813,2001,1,,,Active,,,http://www.redfin.com/CA/Galt/915-Gerling-Ct-95632/home/19114471,MetroList,20030739,N,Y,38.2844568,-121.2946209
MLS Listing,,Single Family Residential,2805 Patcham Cmn,Livermore,CA,94550,799000,4,3.5,Brighton,1830,1474,2015,1,437,104,Active,,,http://www.redfin.com/CA/Livermore/2805-Patcham-Cmn-94550/home/95473939,"bridgeMLS, Bay East AOR, or Contra Costa AOR",40906593,N,Y,37.6850101,-121.763122
MLS Listing,,Single Family Residential,814 Brandywine St,Manteca,CA,95336,384999,3,2.0,North Manteca,1510,6299,1978,1,,,Active,,,http://www.redfin.com/CA/Manteca/814-Brandywine-St-95336/home/19772815,MetroList,20030391,N,Y,37.8126901,-121.2282287
MLS Listing,,Single Family Residential,1362 Pine St,Pittsburg,CA,94565,439950,4,2.0,Central Addition,1950,5025,1929,1,226,,Active,,,http://www.redfin.com/CA/Pittsburg/1362-Pine-St-94565/home/1909497,"bridgeMLS, Bay East AOR, or Contra Costa AOR",40906592,N,Y,38.0217373,-121.8773186
MLS Listing,,Single Family Residential,2061 Crom St,MANTECA,CA,95337,424950,3,2.0,MANTECA,1605,6306,2000,1,265,,Active,,,http://www.redfin.com/CA/Manteca/2061-Crom-St-95337/home/19029712,MLSListings,ML81794542,N,Y,37.8049792,-121.2517944
MLS Listing,,Single Family Residential,5 Coronado Ct,Novato,CA,94945,789000,3,2.0,Novato,1576,8002,1971,1,501,,Active,,,http://www.redfin.com/CA/Novato/5-Coronado-Ct-94945/home/1249382,BAREIS,22011848,N,Y,38.1234239,-122.5976045
MLS Listing,,Single Family Residential,372 Dahlia Dr,Sonoma,CA,95476,689000,2,2.0,Sonoma,1482,5227,1986,1,465,190,Active,,,http://www.redfin.com/CA/Sonoma/372-Dahlia-Dr-95476/home/2536834,BAREIS,22008665,N,Y,38.2638616,-122.4938437
MLS Listing,,Single Family Residential,2555 Orange St,Martinez,CA,94553,479000,3,2.0,Martinez,1043,3160,1952,1,459,,Active,,,http://www.redfin.com/CA/Martinez/2555-Orange-St-94553/home/1324333,"bridgeMLS, Bay East AOR, or Contra Costa AOR",40906590,N,Y,38.0078203,-122.1182477
MLS Listing,,Single Family Residential,26732 Gaither Way,Hayward,CA,94544,699000,3,2.0,Schafer Park,1578,5040,1953,1,443,,Active,,,http://www.redfin.com/CA/Hayward/26732-Gaither-Way-94544/home/1006020,"bridgeMLS, Bay East AOR, or Contra Costa AOR",40906589,N,Y,37.6386135,-122.0823686
MLS Listing,,Single Family Residential,3212 Barmouth Dr,Antioch,CA,94509,479950,3,2.0,Antioch,1603,6300,1977,1,299,,Active,,,http://www.redfin.com/CA/Antioch/3212-Barmouth-Dr-94509/home/1662782,"bridgeMLS, Bay East AOR, or Contra Costa AOR",40906585,N,Y,37.9906875,-121.7890592
MLS Listing,,Single Family Residential,4557 Temblor Way,Antioch,CA,94531,599000,4,2.5,Antioch,2698,6484,2001,1,222,,Active,,,http://www.redfin.com/CA/Antioch/4557-Temblor-Way-94531/home/1229058,"bridgeMLS, Bay East AOR, or Contra Costa AOR",40906584,N,Y,37.9821179,-121.7590155
MLS Listing,,Single Family Residential,14 Whispering Way,Lodi,CA,95242,290000,3,2.0,"Between Sacramento County, North & West/8 Mile, I-5 South/Highway 99",1730,5227,1987,1,,167,Active,,,http://www.redfin.com/CA/Lodi/14-Whispering-Way-95242/home/19852342,MetroList,20030706,N,Y,38.1102379,-121.4963602
MLS Listing,,Single Family Residential,14488 E Collier Rd,Acampo,CA,95220,550000,3,2.0,Between Highway 99/N.S.J. Co/Amdr-Calvrs/8 Mile,1620,211702,1979,1,,,Active,,,http://www.redfin.com/CA/Acampo/14488-Collier-Rd-E-95220/home/19862508,MetroList,20030438,N,Y,38.2197115,-121.1408561
MLS Listing,,Single Family Residential,2752 Placer Dr,Oakley,CA,94561,725000,3,3.0,Silverado Crest,2747,19166,1994,1,264,,Active,,,http://www.redfin.com/CA/Oakley/2752-Placer-Dr-94561/home/1060565,"bridgeMLS, Bay East AOR, or Contra Costa AOR",40906580,N,Y,37.9877489,-121.7459718
MLS Listing,,Single Family Residential,1082 Flagship Dr,Vallejo,CA,94592,745000,4,3.5,Vallejo 8,2601,5201,2007,1,286,,Active,,,http://www.redfin.com/CA/Vallejo/1082-Flagship-Dr-94592/home/17295548,BAREIS,22011843,N,Y,38.0963216,-122.2753023
MLS Listing,,Single Family Residential,3522 Jefferson St,Napa,CA,94558,539900,3,2.0,Napa,1100,7527,1958,1,491,,Active,,,http://www.redfin.com/CA/Napa/3522-Jefferson-St-94558/home/12185919,BAREIS,22011845,N,Y,38.3252852,-122.3016496
MLS Listing,,Single Family Residential,750 Kings Canyon Ct,Tracy,CA,95376,560000,5,3.0,Tracy Central,2360,5689,1989,1,,,Active,,,http://www.redfin.com/CA/Tracy/750-Kings-Canyon-Ct-95376/home/19757293,MetroList,20030683,N,Y,37.7233308,-121.4495906
MLS Listing,,Single Family Residential,41 La Canada Ct,Clayton,CA,94517,799888,5,3.0,Regency Meadows,2857,9919,1989,1,280,,Active,,,http://www.redfin.com/CA/Clayton/41-La-Canada-Ct-94517/home/1275692,"bridgeMLS, Bay East AOR, or Contra Costa AOR",40906574,N,Y,37.9234834,-121.9151098
MLS Listing,,Single Family Residential,1099 Mayport Dr,Pittsburg,CA,94565,439000,3,2.5,Harbor Lights,1361,3360,2001,1,323,140,Active,,,http://www.redfin.com/CA/Pittsburg/1099-Mayport-Dr-94565/home/1422883,"bridgeMLS, Bay East AOR, or Contra Costa AOR",40906209,N,Y,38.0278789,-121.9131983
MLS Listing,,Single Family Residential,8263 Cardiff Dr,Dublin,CA,94568,899000,3,2.0,Village,1340,7308,1963,1,671,,Active,,,http://www.redfin.com/CA/Dublin/8263-Cardiff-Dr-94568/home/1384461,"bridgeMLS, Bay East AOR, or Contra Costa AOR",40906573,N,Y,37.7197043,-121.929956
MLS Listing,,Single Family Residential,1045 N Edison St,Stockton,CA,95203,404900,4,3.0,Central Stockton,2991,5001,1917,1,,,Active,,,http://www.redfin.com/CA/Stockton/1045-N-Edison-St-95203/home/19802010,MetroList,20030707,N,Y,37.9615985,-121.3033835
MLS Listing,,Single Family Residential,1076 24th St,Oakland,CA,94607,644000,4,2.5,Alameda County,1492,2500,2020,1,432,,Active,,,http://www.redfin.com/CA/Oakland/1076-24th-St-94607/home/18293162,BAREIS,22011832,N,Y,37.81704,-122.281789
MLS Listing,,Single Family Residential,1463 Guy Pl,Ripon,CA,95366,639000,5,4.0,Ripon,3206,7418,2000,1,,,Active,,,http://www.redfin.com/CA/Ripon/1463-Guy-Pl-95366/home/19743272,MetroList,20030705,N,Y,37.7465014,-121.139212
MLS Listing,,Single Family Residential,35 Dickerson Ln,Napa,CA,94558,729000,3,2.5,Napa,1885,5911,1990,1,387,,Active,,,http://www.redfin.com/CA/Napa/35-Dickerson-Ln-94558/home/12192266,BAREIS,22010919,N,Y,38.3247934,-122.3312339
MLS Listing,,Single Family Residential,2363 Stonehouse Dr,Napa,CA,94558,719000,4,3.0,Napa,1999,7928,1980,1,360,,Active,,,http://www.redfin.com/CA/Napa/2363-Stonehouse-Dr-94558/home/12210919,BAREIS,22011809,N,Y,38.3161966,-122.280342
MLS Listing,,Single Family Residential,328 W Walnut St,Stockton,CA,95204,399900,5,2.5,Central Stockton,2410,5001,1946,1,,,Active,,,http://www.redfin.com/CA/Stockton/328-W-Walnut-St-95204/home/19802161,MetroList,20030692,N,Y,37.9682954,-121.3002972
MLS Listing,,Single Family Residential,525 Willard Ave,Richmond,CA,94801,489000,3,2.5,North Richmond,1475,2500,2005,1,332,,Active,,,http://www.redfin.com/CA/Richmond/525-Willard-Ave-94801/home/2100994,"bridgeMLS, Bay East AOR, or Contra Costa AOR",40906554,N,Y,37.9514753,-122.3644843
MLS Listing,,Single Family Residential,826 Scottsdale Dr,Vacaville,CA,95687,469000,3,2.0,Vacaville 7,1370,6098,1985,1,342,,Active,,,http://www.redfin.com/CA/Vacaville/826-Scottsdale-Dr-95687/home/2499219,BAREIS,22011831,N,Y,38.3433346,-121.9455112
MLS Listing,,Single Family Residential,9529 California Oak Cir,Patterson,CA,95363,368888,3,3.5,Diablo Grande,2494,6656,2007,1,,192,Active,,,http://www.redfin.com/CA/Patterson/9529-California-Oak-Cir-95363/home/19868511,MetroList,20030058,N,Y,37.3999108,-121.2625919
MLS Listing,,Single Family Residential,1641 Melody Ln,SAN JOSE,CA,95133,895000,3,2.0,SAN JOSE,1445,5297,1957,1,619,,Active,,,http://www.redfin.com/CA/San-Jose/1641-Melody-Ln-95133/home/1527241,MLSListings,ML81794496,N,Y,37.3599199,-121.8645556
MLS Listing,,Single Family Residential,1858 Elderwood Dr,Concord,CA,94519,665000,3,2.5,Dana Estates,2013,7575,1953,1,330,,Active,,,http://www.redfin.com/CA/Concord/1858-Elderwood-Dr-94519/home/1967005,"bridgeMLS, Bay East AOR, or Contra Costa AOR",40906546,N,Y,37.9869127,-122.001936
MLS Listing,,Single Family Residential,1069 S Burns Pl,Mountain House,CA,95391,548000,4,3.0,Mountain House,2274,3999,2017,1,,107,Active,,,http://www.redfin.com/CA/Tracy/1069-Burns-Pl-95391/home/56999557,MetroList,20030660,N,Y,37.7648202,-121.5490107
MLS Listing,,Single Family Residential,819 White Wing Ln,Suisun City,CA,94585,449000,4,3.0,Suisun 10,1890,6098,1978,1,238,,Active,,,http://www.redfin.com/CA/Suisun-City/819-White-Wing-Ln-94585/home/2571735,BAREIS,22011813,N,Y,38.2509977,-122.0096199
MLS Listing,,Single Family Residential,3636 Sanford St,Concord,CA,94520,698888,4,3.0,East Sun Terrrac,1758,8250,2020,1,398,,Active,,,http://www.redfin.com/CA/Concord/3636-Sanford-St-94520/home/1425951,"bridgeMLS, Bay East AOR, or Contra Costa AOR",40906542,N,Y,38.0023604,-122.031736
MLS Listing,,Single Family Residential,683 NECTAR Dr,Brentwood,CA,94513,579900,4,2.5,Garin,2151,6500,1996,1,270,,Active,,,http://www.redfin.com/CA/Brentwood/683-Nectar-Dr-94513/home/909439,"bridgeMLS, Bay East AOR, or Contra Costa AOR",40906538,N,Y,37.927115,-121.6833588
MLS Listing,,Single Family Residential,2010 Bridle Creek Cir,Tracy,CA,95377,469900,3,2.0,Bridle Creek,1366,5772,1997,1,344,,Active,,,http://www.redfin.com/CA/Tracy/2010-Bridle-Creek-Cir-95377/home/19744802,"bridgeMLS, Bay East AOR, or Contra Costa AOR",40906537,N,Y,37.7500065,-121.4608608
MLS Listing,,Single Family Residential,110 Bridge Rd,Pleasant Hill,CA,94523,825000,3,2.0,Poets Corner,1532,8769,1947,1,539,,Active,,,http://www.redfin.com/CA/Pleasant-Hill/110-Bridge-Rd-94523/home/1958600,"bridgeMLS, Bay East AOR, or Contra Costa AOR",40906334,N,Y,37.9379973,-122.0798164
MLS Listing,,Single Family Residential,925 Bergenia St,Vacaville,CA,95687,545935,4,3.0,Vacaville 7,2154,4000,2020,1,253,,Active,,,http://www.redfin.com/CA/Vacaville/925-Bergenia-St-95687/home/171941486,BAREIS,22011817,N,Y,38.3462284,-121.933113
MLS Listing,,Single Family Residential,111 edgehill Ct,Vallejo,CA,94589,395000,3,2.0,Vallejo 4,1317,7405,1973,1,300,,Active,,,http://www.redfin.com/CA/Vallejo/111-Edgehill-Ct-94589/home/2210370,BAREIS,22011820,N,Y,38.1309318,-122.2444949
MLS Listing,,Single Family Residential,630 Falcon Way,Livermore,CA,94551,750000,3,2.0,Northside,1269,5510,1959,1,591,,Active,,,http://www.redfin.com/CA/Livermore/630-Falcon-Way-94551/home/1613189,"bridgeMLS, Bay East AOR, or Contra Costa AOR",40906532,N,Y,37.6853242,-121.7879022
MLS Listing,,Single Family Residential,127 Bluebird Ct,Hercules,CA,94547,659000,3,2.5,Hercules,1611,6882,1986,1,409,,Active,,,http://www.redfin.com/CA/Hercules/127-Bluebird-Ct-94547/home/1109843,"bridgeMLS, Bay East AOR, or Contra Costa AOR",40906529,N,Y,37.999169,-122.2631511
MLS Listing,,Single Family Residential,707 Preservation St,Pittsburg,CA,94565,517700,5,3.0,Contra Costa,2279,4098,2004,1,227,157,Active,,,http://www.redfin.com/CA/Pittsburg/707-Preservation-St-94565/home/2098359,BAREIS,22011629,N,Y,38.0277984,-121.8951043
MLS Listing,,Single Family Residential,1316 Robbins Ct,Suisun City,CA,94585,589900,4,3.0,Suisun 11,2970,8843,2000,1,199,,Active,,,http://www.redfin.com/CA/Suisun-City/1316-Robbins-Ct-94585/home/2582310,BAREIS,22011810,N,Y,38.239875,-121.9910531
MLS Listing,,Single Family Residential,5150 Valley View Rd,El Sobrante,CA,94803,619000,3,2.0,May Valley,1499,10019,1959,1,413,,Active,,,http://www.redfin.com/CA/El-Sobrante/5150-Valley-View-Rd-94803/home/1131280,"bridgeMLS, Bay East AOR, or Contra Costa AOR",40906527,N,Y,37.9666739,-122.2838419
MLS Listing,,Single Family Residential,4739 Lisette Way,Stockton,CA,95206,397900,4,3.0,Southwest Stockton,1852,3250,2020,1,,136,Active,,,http://www.redfin.com/CA/Stockton/4739-Lisette-Way-95206/home/22497998,MetroList,20030640,N,Y,37.89867,-121.293828
MLS Listing,,Single Family Residential,1149 Ballard Ct,Tracy,CA,95376,439950,3,2.0,Tracy Central,1167,10450,1984,1,,,Active,,,http://www.redfin.com/CA/Tracy/1149-Ballard-Ct-95376/home/19752054,MetroList,20030399,N,Y,37.7214379,-121.4173809
MLS Listing,,Single Family Residential,668 Flagstone Dr,Stockton,CA,95206,395900,4,3.0,Southwest Stockton,1852,3250,2020,1,,136,Active,,,http://www.redfin.com/CA/Stockton/668-Flagstone-Dr-95206/home/22465722,MetroList,20030639,N,Y,37.898,-121.293081
MLS Listing,,Single Family Residential,109 Independence Ave,Vacaville,CA,95687,455000,3,2.5,Vacaville 4,1532,3040,1987,1,297,105,Active,,,http://www.redfin.com/CA/Vacaville/109-Independence-Ave-95687/home/2406267,BAREIS,22011814,N,Y,38.3330383,-121.9569762
MLS Listing,,Single Family Residential,5 Atlantic Ct,Petaluma,CA,94954,574500,3,2.0,Petaluma East,1144,8999,1966,1,502,,Active,,,http://www.redfin.com/CA/Petaluma/5-Atlantic-Ct-94954/home/2156537,BAREIS,22011520,N,Y,38.2387731,-122.6174235
MLS Listing,,Single Family Residential,1123 Eaglewood Ct,Richmond,CA,94806,565000,3,2.5,Richmond,1428,2056,2004,1,396,137,Active,,,http://www.redfin.com/CA/Richmond/1123-Eaglewood-Ct-94806/home/1605636,"bridgeMLS, Bay East AOR, or Contra Costa AOR",40906516,N,Y,37.9894203,-122.3362376
MLS Listing,,Single Family Residential,2130 Davis Dr,Fairfield,CA,94533,415000,3,2.0,Fairfield 6,1438,6098,1976,1,289,,Active,,,http://www.redfin.com/CA/Fairfield/2130-Davis-Dr-94533/home/2568614,BAREIS,22011676,N,Y,38.2680071,-121.9969611
MLS Listing,,Single Family Residential,4731 Lisette Way,Stockton,CA,95206,343900,3,2.0,Southwest Stockton,1158,3250,2020,1,,136,Active,,,http://www.redfin.com/CA/Stockton/4731-Lisette-Way-95206/home/22497987,MetroList,20030626,N,Y,37.898766,-121.293828
MLS Listing,,Single Family Residential,660 Flagstone Dr,Stockton,CA,95206,339900,3,2.0,Southwest Stockton,1158,3250,2020,1,,136,Active,,,http://www.redfin.com/CA/Stockton/660-Flagstone-Dr-95206/home/22496987,MetroList,20030625,N,Y,37.898,-121.29296
MLS Listing,,Single Family Residential,1532 Via Rancho,San Lorenzo,CA,94580,700000,3,2.0,San Lorenzo Vilg,1143,5000,1954,1,612,12,Active,,,http://www.redfin.com/CA/San-Lorenzo/1532-Via-Rancho-94580/home/1314921,"bridgeMLS, Bay East AOR, or Contra Costa AOR",40906509,N,Y,37.6759053,-122.1439707
MLS Listing,,Single Family Residential,837 7th Ave,Crockett,CA,94525,549000,3,2.0,Contra Costa,1900,2500,1917,1,289,,Active,,,http://www.redfin.com/CA/Crockett/837-7th-Ave-94525/home/1914891,BAREIS,22011802,N,Y,38.0518219,-122.2270322
MLS Listing,,Single Family Residential,1917 Sherry Cir,Oakley,CA,94561,449000,3,2.0,Oakley,1488,6660,1980,1,302,,Active,,,http://www.redfin.com/CA/Oakley/1917-Sherry-Cir-94561/home/1315922,"bridgeMLS, Bay East AOR, or Contra Costa AOR",40906508,N,Y,37.9910395,-121.7306558
MLS Listing,,Single Family Residential,17038 Cobble Creek Way,Lathrop,CA,95330,449000,4,3.0,Lathrop,2344,4543,2007,1,,,Active,,,http://www.redfin.com/CA/Lathrop/17038-Cobble-Creek-Way-95330/home/19713991,MetroList,20030534,N,Y,37.8059786,-121.3007888
MLS Listing,,Single Family Residential,4128 Villa Gomez Ln,Stockton,CA,95206,334000,3,2.0,Southwest Stockton,1466,5497,2000,1,,,Active,,,http://www.redfin.com/CA/Stockton/4128-Villa-Gomez-Ln-95206/home/19737304,MetroList,20030610,N,Y,37.9052112,-121.3007441
MLS Listing,,Single Family Residential,5242 Vera Ln,San Jose,CA,95111,888888,3,2.5,Santa Clara County,1838,3559,2005,1,484,,Active,,,http://www.redfin.com/CA/San-Jose/5242-Vera-Ln-95111/home/12177320,BAREIS,22011808,N,Y,37.2621458,-121.8105967
MLS Listing,,Single Family Residential,1715 MacArthur Blvd,Oakland,CA,94602,699000,2,2.0,Oakland,,,,1,,,Active,,,http://www.redfin.com/CA/Oakland/1715-MacArthur-Blvd-94602/home/1329278,San Francisco MLS,498915,N,Y,37.7999105,-122.2213585
MLS Listing,,Single Family Residential,733 Blue Stone Dr,Stockton,CA,95206,330900,3,3.0,Southwest Stockton,1277,3075,2020,1,,135,Active,,,http://www.redfin.com/CA/Stockton/733-Bluestone-Dr-95206/home/22497763,MetroList,20030605,N,Y,37.897775,-121.293773
MLS Listing,,Single Family Residential,1333 Horan Ct,Pittsburg,CA,94561,409000,3,2.0,Vista Del Rio,1639,9800,1972,1,250,,Active,,,http://www.redfin.com/CA/Pittsburg/1333-Horan-Ct-94565/home/656049,"bridgeMLS, Bay East AOR, or Contra Costa AOR",40906496,N,Y,37.9967628,-121.8733164
MLS Listing,,Single Family Residential,490 Mahogany,Tracy,CA,95376-9014,430000,3,2.0,Sycamore,1366,5998,1985,1,315,,Active,,,http://www.redfin.com/CA/Tracy/490-Mahogany-Ln-95376/home/19753578,"bridgeMLS, Bay East AOR, or Contra Costa AOR",40906494,N,Y,37.716632,-121.432873
MLS Listing,,Single Family Residential,10849 St Moritz Cir,Stockton,CA,95209,529900,4,3.0,far Northwest Stockton,2930,8019,2020,1,,131,Active,,,http://www.redfin.com/CA/Stockton/10849-St-Moritz-Cir-95209/home/22488999,MetroList,20030585,N,Y,38.0548542,-121.3291881
MLS Listing,,Single Family Residential,6646 Yellowstone Cir,Discovery Bay,CA,94505,574500,4,3.0,The Lakes,3092,6264,2004,1,186,173,Active,,,http://www.redfin.com/CA/Discovery-Bay/6646-Yellowstone-Cir-94505/home/2106327,"bridgeMLS, Bay East AOR, or Contra Costa AOR",40906489,N,Y,37.9227598,-121.6155184
MLS Listing,,Single Family Residential,7140 Portage Rd,Dublin,CA,94568,899800,3,2.0,Echo Park,1446,9738,1966,1,622,,Active,,,http://www.redfin.com/CA/Dublin/7140-Portage-Rd-94568/home/1852413,"bridgeMLS, Bay East AOR, or Contra Costa AOR",40905381,N,Y,37.7102889,-121.9256001
MLS Listing,,Single Family Residential,2418 Ridgewood Cir,Fairfield,CA,94534,675000,4,2.5,Fairfield 3,3087,10568,2004,1,219,,Active,,,http://www.redfin.com/CA/Fairfield/2418-Ridgewood-Cir-94534/home/2607446,BAREIS,22011658,N,Y,38.2899832,-122.0583094
MLS Listing,,Single Family Residential,9838 Sleepy Hollow Ct,Stockton,CA,95209,380000,4,2.0,Northeast Stockton,1832,7000,1983,1,,22,Active,,,http://www.redfin.com/CA/Stockton/9838-Sleepy-Hollow-Ct-95209/home/19839685,MetroList,20030582,N,Y,38.042145,-121.3525326
MLS Listing,,Single Family Residential,9390 Snow Creek Cir,Stockton,CA,95212,425000,3,2.0,Northeast Stockton,1525,14462,2001,1,,,Active,,,http://www.redfin.com/CA/Stockton/9390-Snow-Creek-Cir-95212/home/19721124,MetroList,20030561,N,Y,38.0366384,-121.2669956
MLS Listing,,Single Family Residential,527 SOLANO Dr,Benicia,CA,94510,689000,4,2.5,Benicia 1,1775,10280,1986,1,388,,Active,,,http://www.redfin.com/CA/Benicia/527-Solano-Dr-94510/home/2349990,BAREIS,22011735,N,Y,38.0846094,-122.1728533
MLS Listing,,Single Family Residential,67 Werner Ave,Daly City,CA,94014,898000,3,2.0,Original Daly City,1080,3369,1961,1,831,,Active,,,http://www.redfin.com/CA/Daly-City/67-Werner-Ave-94014/home/12225757,San Francisco MLS,498904,N,Y,37.692184,-122.4677435
MLS Listing,,Single Family Residential,18115 Courtwright Ct,Lathrop,CA,95330,674900,3,3.0,Lathrop,2511,4320,2018,1,,,Active,,,http://www.redfin.com/CA/Lathrop/18115-Courtwright-Ct-95330/home/144089167,MetroList,20030558,N,Y,37.7959379,-121.3250793
MLS Listing,,Single Family Residential,912 Hawthorne Ave,Antioch,CA,94509,410000,3,2.0,Antioch,1353,6300,1957,1,303,,Active,,,http://www.redfin.com/CA/Antioch/912-Hawthorne-Ave-94509/home/605440,"bridgeMLS, Bay East AOR, or Contra Costa AOR",40906465,N,Y,38.0004076,-121.8180716
MLS Listing,,Single Family Residential,1351 Columbus Ave,Livermore,CA,94550,769950,3,2.0,Old Granada,1610,6950,1959,1,478,,Active,,,http://www.redfin.com/CA/Livermore/1351-Columbus-Ave-94550/home/1967459,"bridgeMLS, Bay East AOR, or Contra Costa AOR",40906464,N,Y,37.667822,-121.7778439
MLS Listing,,Single Family Residential,18083 Courtwright Ct,Lathrop,CA,95330,719900,5,4.0,Lathrop,2939,4320,2018,1,,,Active,,,http://www.redfin.com/CA/Lathrop/18083-Courtwright-Ct-95330/home/144089169,MetroList,20030548,N,Y,37.7962016,-121.3250822
MLS Listing,,Single Family Residential,689 N Livermore Ave,Livermore,CA,94551,750000,3,2.0,Northside,1529,7500,1968,1,491,,Active,,,http://www.redfin.com/CA/Livermore/689-N-Livermore-Ave-94551/home/881484,"bridgeMLS, Bay East AOR, or Contra Costa AOR",40905885,N,Y,37.6889171,-121.7724806
MLS Listing,,Single Family Residential,2122 69th Ave,Oakland,CA,94621,389000,4,2.0,Oakland,1281,4800,1920,1,304,,Active,,,http://www.redfin.com/CA/Oakland/2122-69th-Ave-94621/home/1363281,San Francisco MLS,498620,N,Y,37.7654156,-122.1826536
MLS Listing,,Single Family Residential,508 Walnut Ct,Vacaville,CA,95688,397500,3,2.0,Vacaville 2,1796,8276,1963,1,221,,Active,,,http://www.redfin.com/CA/Vacaville/508-Walnut-Ct-95688/home/2137050,BAREIS,22011749,N,Y,38.3508249,-122.001092
MLS Listing,,Single Family Residential,2820 Garden Farms Ave,Lathrop,CA,95330,449900,3,2.5,Lathrop,1900,4182,2020,1,,,Active,,,http://www.redfin.com/CA/Lathrop/2820-Garden-Farms-Ave-95330/home/171938713,MetroList,20030542,N,Y,37.8047883,-121.3389598
MLS Listing,,Single Family Residential,132 Redwood Dr,Woodacre,CA,94973,699000,3,2.0,San Geronimo Valley,1970,11208,1917,1,355,,Active,,,http://www.redfin.com/CA/Woodacre/132-Redwood-Dr-94973/home/696720,BAREIS,22011778,N,Y,38.011087,-122.645295
MLS Listing,,Single Family Residential,1421 Ramsgate Way,SAN JOSE,CA,95127,799000,3,2.0,SAN JOSE,1631,5002,1957,1,490,,Active,,,http://www.redfin.com/CA/San-Jose/1421-Ramsgate-Way-95127/home/1253578,MLSListings,ML81794397,N,Y,37.3489901,-121.8177156
MLS Listing,,Single Family Residential,2512 Cole St,Oakland,CA,94601,799000,3,2.0,Maxwell  Park,1195,4300,1940,1,669,,Active,,,http://www.redfin.com/CA/Oakland/2512-Cole-St-94601/home/1817069,"bridgeMLS, Bay East AOR, or Contra Costa AOR",40906452,N,Y,37.7758841,-122.1972416
MLS Listing,,Single Family Residential,4992 Parkgreen Cir,Antioch,CA,94531,408000,3,2.0,Antioch,1412,4515,1990,1,289,,Active,,,http://www.redfin.com/CA/Antioch/4992-Parkgreen-Cir-94531/home/589316,"bridgeMLS, Bay East AOR, or Contra Costa AOR",40906451,N,Y,37.9653906,-121.763556
MLS Listing,,Single Family Residential,1287 Forrestal Ave,SAN JOSE,CA,95110,858000,2,2.0,SAN JOSE,1279,5123,1949,1,671,,Active,,,http://www.redfin.com/CA/San-Jose/1287-Forrestal-Ave-95110/home/1433912,MLSListings,ML81794396,N,Y,37.3582431,-121.9114646
MLS Listing,,Single Family Residential,305 Bluefield Dr,SAN JOSE,CA,95136,889000,4,2.0,SAN JOSE,1581,5836,1971,1,562,33,Active,,,http://www.redfin.com/CA/San-Jose/305-Bluefield-Dr-95136/home/1661239,MLSListings,ML81794394,N,Y,37.2719623,-121.8447188
MLS Listing,,Single Family Residential,2419 Erie Dr,Concord,CA,94519,564000,3,2.0,Holbrook Heights,1179,7200,1954,1,478,27,Active,,,http://www.redfin.com/CA/Concord/2419-Erie-Dr-94519/home/1728788,"bridgeMLS, Bay East AOR, or Contra Costa AOR",40906450,N,Y,37.9851048,-122.0292493
MLS Listing,,Single Family Residential,1157 Douglas Fir Dr,Manteca,CA,95336,375000,3,2.0,North Manteca,1510,6734,1980,1,,89,Active,,,http://www.redfin.com/CA/Manteca/1157-Douglas-Fir-Dr-95336/home/19773587,MetroList,20030529,N,Y,37.819673,-121.2348472
MLS Listing,,Single Family Residential,2161 Megan Dr,Oakley,CA,94561,469900,3,2.0,Orchard View,1339,7000,1993,1,351,,Active,,,http://www.redfin.com/CA/Oakley/2161-Megan-Dr-94561/home/1884434,"bridgeMLS, Bay East AOR, or Contra Costa AOR",40906446,N,Y,37.9878498,-121.7351974
MLS Listing,,Single Family Residential,31700 S Bird Rd,Tracy,CA,95304,830000,4,2.0,New Jerusalem,2227,69696,1990,1,,,Active,,,http://www.redfin.com/CA/Tracy/31700-S-Bird-Rd-95304/home/19748824,MetroList,20030356,N,Y,37.6651922,-121.3608193
MLS Listing,,Single Family Residential,541 Meghan Dr,Patterson,CA,95363,379900,4,2.5,Patterson,2230,6534,1988,1,,,Active,,,http://www.redfin.com/CA/Patterson/541-Meghan-Dr-95363/home/19959421,MetroList,20030049,N,Y,37.4627404,-121.1293925
MLS Listing,,Single Family Residential,751 Shady Gln,Martinez,CA,94553,750000,4,2.5,Martinez,2567,10500,1974,1,292,,Active,,,http://www.redfin.com/CA/Martinez/751-Shady-Gln-94553/home/1052654,"bridgeMLS, Bay East AOR, or Contra Costa AOR",40905742,N,Y,37.9982132,-122.1276315
MLS Listing,,Single Family Residential,207 Mulberry Cir,Lodi,CA,95240,349000,3,2.0,Lodi/Woodbdg/Sunnyside Estates/Henderson Village,1333,5502,1978,1,,,Active,,,http://www.redfin.com/CA/Lodi/207-Mulberry-Cir-95240/home/19848675,MetroList,20030427,N,Y,38.1023809,-121.2741867
MLS Listing,,Single Family Residential,3544 Dover St,Napa,CA,94558,619500,3,2.0,Napa,1420,6220,1958,1,436,,Active,,,http://www.redfin.com/CA/Napa/3544-Dover-St-94558/home/12193273,BAREIS,22011349,N,Y,38.3214034,-122.3163099
MLS Listing,,Single Family Residential,2811 Salvia Cmn,LIVERMORE,CA,94551,759000,3,3.0,LIVERMORE,1566,1696,2008,1,485,169,Active,,,http://www.redfin.com/CA/Livermore/2811-Salvia-Cmn-94551/home/22809035,MLSListings,ML81794389,N,Y,37.7078282,-121.7994725
MLS Listing,,Single Family Residential,1344 Wilton Rd,Livermore,CA,94551,799000,4,2.0,Summerset,1414,6000,1969,1,565,,Active,,,http://www.redfin.com/CA/Livermore/1344-Wilton-Rd-94551/home/1680172,"bridgeMLS, Bay East AOR, or Contra Costa AOR",40906445,N,Y,37.6932846,-121.7949335
MLS Listing,,Single Family Residential,200 Eugenia St,Brentwood,CA,94513,629000,4,3.0,Brentwood,2594,4560,2020,1,242,70,Active,,,http://www.redfin.com/CA/Brentwood/200-Eugenia-ST-94513/home/171937926,"bridgeMLS, Bay East AOR, or Contra Costa AOR",40906442,N,Y,37.931868,-121.6957863
MLS Listing,,Single Family Residential,3645 Abbyford Ct,Tracy,CA,95377,575000,5,3.5,Greystone Sta,2350,6470,1996,1,245,,Active,,,http://www.redfin.com/CA/Tracy/3645-Abbyford-Ct-95377/home/19753797,"bridgeMLS, Bay East AOR, or Contra Costa AOR",40906439,N,Y,37.7047601,-121.4404174
MLS Listing,,Single Family Residential,815 S Main St,Manteca,CA,95337,325000,3,2.0,South Manteca,1641,11029,1959,1,,,Active,,,http://www.redfin.com/CA/Manteca/815-S-Main-St-95337/home/19771374,MetroList,20030131,N,Y,37.7904191,-121.2164217
MLS Listing,,Single Family Residential,727 Prospector Dr,Stockton,CA,95210,250000,3,2.0,Stockton,1434,6000,1980,1,174,,Active,,,http://www.redfin.com/CA/Stockton/727-Prospector-Dr-95210/home/19832664,"bridgeMLS, Bay East AOR, or Contra Costa AOR",40906436,N,Y,38.0323643,-121.3032916
MLS Listing,,Single Family Residential,124 Shubin Way,VACAVILLE,CA,95687,639888,3,2.5,VACAVILLE,2784,6500,2016,1,230,,Active,,,http://www.redfin.com/CA/Vacaville/124-Shubin-Way-95687/home/103687202,MLSListings,ML81794136,N,Y,38.3344295,-121.9416448
MLS Listing,,Single Family Residential,8 Zanco Way,Novato,CA,94947,795500,3,2.0,Novato,1690,7200,1960,1,471,,Active,,,http://www.redfin.com/CA/Novato/8-Zanco-Way-94947/home/1181873,BAREIS,22009510,N,Y,38.1030176,-122.5832344
MLS Listing,,Single Family Residential,703 Summit Lakes Way,Galt,CA,95632,405000,3,2.5,Galt,1624,6199,1990,1,,,Active,,,http://www.redfin.com/CA/Galt/703-Summit-Lakes-Way-95632/home/19269511,MetroList,20030509,N,Y,38.2744969,-121.296973
MLS Listing,,Single Family Residential,1257 Center Ave,Martinez,CA,94553,688000,3,2.0,Martinez,1524,7878,1968,1,451,,Active,,,http://www.redfin.com/CA/Martinez/1257-Center-Ave-94553/home/1720368,"bridgeMLS, Bay East AOR, or Contra Costa AOR",40906430,N,Y,37.9876043,-122.1048249
MLS Listing,,Single Family Residential,2878 Taylor Rd,Bethel Island,CA,94511,695000,2,3.0,Anglers,1369,8500,1982,1,508,,Active,,,http://www.redfin.com/CA/Bethel-Island/2878-Taylor-Rd-94511/home/1378079,"bridgeMLS, Bay East AOR, or Contra Costa AOR",40906426,N,Y,38.014444,-121.642899
MLS Listing,,Single Family Residential,584 Shady Glen Ave,Vacaville,CA,95688,584500,4,3.0,Vacaville 2,2348,7074,1989,1,249,,Active,,,http://www.redfin.com/CA/Vacaville/584-Shady-Glen-Ave-95688/home/2453650,BAREIS,22011662,N,Y,38.3668694,-122.0085984
MLS Listing,,Single Family Residential,233 O St,Lathrop,CA,95330,409999,3,2.0,Lathrop,1524,5375,1989,1,,,Active,,,http://www.redfin.com/CA/Lathrop/233-O-St-95330/home/19781234,MetroList,20029862,N,Y,37.8157158,-121.2905759
MLS Listing,,Single Family Residential,2267 Winchester Loop,Discovery Bay,CA,94505,749888,4,3.0,Lakeshore,3198,6500,2003,1,234,205,Active,,,http://www.redfin.com/CA/Discovery-Bay/2267-Winchester-Loop-94505/home/2101719,"bridgeMLS, Bay East AOR, or Contra Costa AOR",40906419,N,Y,37.9145757,-121.6195967
MLS Listing,,Single Family Residential,910 Shadywood Cir,Suisun City,CA,94585,418888,4,2.5,Suisun 1,1724,3684,1992,1,243,,Active,,,http://www.redfin.com/CA/Suisun-City/910-Shadywood-Cir-94585/home/2581779,BAREIS,22011769,N,Y,38.2529362,-122.0217222
MLS Listing,,Single Family Residential,18929 N Jack Tone Rd,Lockeford,CA,95237,380000,2,2.0,Cities of Victor/Lockeford/Clements,1644,5502,1985,1,,,Active,,,http://www.redfin.com/CA/Lockeford/18929-N-Jack-Tone-Rd-95237/home/19851983,MetroList,20029846,N,Y,38.15615,-121.1509701
MLS Listing,,Single Family Residential,1385 Elderberry Dr,Concord,CA,94521,695000,3,2.0,Turtle Creek,1356,6600,1976,1,513,32,Active,,,http://www.redfin.com/CA/Concord/1385-Elderberry-Dr-94521/home/1231812,"bridgeMLS, Bay East AOR, or Contra Costa AOR",40906417,N,Y,37.9549808,-121.9834567
MLS Listing,,Single Family Residential,14271 Acapulco Rd,San Leandro,CA,94577,625000,4,2.0,Marina Faire,1386,5760,1962,1,451,,Active,,,http://www.redfin.com/CA/San-Leandro/14271-Acapulco-Rd-94577/home/1765258,"bridgeMLS, Bay East AOR, or Contra Costa AOR",40906414,N,Y,37.6940947,-122.1789287
MLS Listing,,Single Family Residential,342 Boardwalk Ct,Vacaville,CA,95687,490000,3,2.0,Vacaville 6,1813,5118,2001,1,270,105,Active,,,http://www.redfin.com/CA/Vacaville/342-Boardwalk-Ct-95687/home/2602234,BAREIS,22011708,N,Y,38.3562987,-121.9580871
MLS Listing,,Single Family Residential,1082 Cambridge St,Novato,CA,94947,819000,4,2.0,Novato,2273,8400,1956,1,360,,Active,,,http://www.redfin.com/CA/Novato/1082-Cambridge-St-94947/home/1208673,BAREIS,22011704,N,Y,38.0776513,-122.5569389
MLS Listing,,Single Family Residential,747 Glacier Way,Fairfield,CA,94534,530000,4,2.5,Green Valley 1,1775,5502,1992,1,299,91,Active,,,http://www.redfin.com/CA/Fairfield/747-Glacier-Way-94534/home/2147649,BAREIS,22010535,N,Y,38.228447,-122.1462858
MLS Listing,,Single Family Residential,217 Red Clover Way,American Canyon,CA,94503,750000,5,3.0,American Canyon,3597,8002,2004,1,209,,Active,,,http://www.redfin.com/CA/American-Canyon/217-Red-Clover-Way-94503/home/12222741,BAREIS,22010777,N,Y,38.1753588,-122.2701297
MLS Listing,,Single Family Residential,1607 Roma Dr,Pittsburg,CA,94565,619000,4,2.5,San Marco,2375,2375,2013,1,261,,Active,,,http://www.redfin.com/CA/Pittsburg/1607-Roma-Dr-94565/home/56908688,"bridgeMLS, Bay East AOR, or Contra Costa AOR",40906413,N,Y,38.0194943,-121.9609754
MLS Listing,,Single Family Residential,119 Mayport Ct,Pittsburg,CA,94565,480000,4,2.5,Harbor Lights,2135,4007,2001,2,225,140,Active,,,http://www.redfin.com/CA/Pittsburg/119-Mayport-Ct-94565/home/1919154,"bridgeMLS, Bay East AOR, or Contra Costa AOR",40906400,N,Y,38.0282625,-121.9078638
MLS Listing,,Single Family Residential,2319 Glendale Cir,Antioch,CA,94509,569000,4,2.5,Mira Vista Hills,2332,9630,1979,2,244,,Active,,,http://www.redfin.com/CA/Antioch/2319-Glendale-Cir-94509/home/626588,"bridgeMLS, Bay East AOR, or Contra Costa AOR",40906399,N,Y,37.9780422,-121.831396
MLS Listing,,Single Family Residential,561 Joyce St,Livermore,CA,94550,849000,4,2.0,Rhonewood,1635,13200,1968,2,519,,Active,,,http://www.redfin.com/CA/Livermore/561-Joyce-St-94550/home/1909038,"bridgeMLS, Bay East AOR, or Contra Costa AOR",40905919,N,Y,37.6907044,-121.7324368
MLS Listing,,Single Family Residential,1761 Elmhurst Ln,Concord,CA,94521,759950,4,3.0,Bishop Estates,2003,8000,1966,2,379,,Active,,,http://www.redfin.com/CA/Concord/1761-Elmhurst-Ln-94521/home/1009880,"bridgeMLS, Bay East AOR, or Contra Costa AOR",40906027,N,Y,37.9689389,-121.9747491
MLS Listing,,Single Family Residential,1262 Tulloch Dr,TRACY,CA,95304,679000,4,3.0,TRACY,3324,8107,2001,2,204,,Active,,,http://www.redfin.com/CA/Tracy/1262-Tulloch-Dr-95304/home/19743702,MLSListings,ML81794307,N,Y,37.7173688,-121.4062146
MLS Listing,,Single Family Residential,3000 Coconut Ct,Antioch,CA,94509,469000,3,2.0,Almond Ridge,1379,8240,1993,2,340,,Active,,,http://www.redfin.com/CA/Antioch/3000-Coconut-Ct-94509/home/571481,"bridgeMLS, Bay East AOR, or Contra Costa AOR",40906384,N,Y,38.0009086,-121.7607516
MLS Listing,,Single Family Residential,2301 Dogwood Way,Antioch,CA,94509,335000,3,2.0,Antioch,1154,3400,1978,2,290,,Active,,,http://www.redfin.com/CA/Antioch/2301-Dogwood-Way-94509/home/1133958,"bridgeMLS, Bay East AOR, or Contra Costa AOR",40906380,N,Y,38.003228,-121.826596
MLS Listing,,Single Family Residential,1466 Montauban Ct,Tracy,CA,95304,699000,5,3.5,Tracy Central,3422,8747,2005,2,,,Active,,,http://www.redfin.com/CA/Tracy/1466-Montauban-Ct-95304/home/19716776,MetroList,20030303,N,Y,37.7156709,-121.4021769
MLS Listing,,Single Family Residential,371 E Mount Diablo Ave,Tracy,CA,95376,484900,3,2.5,Tracy Central,1714,5001,1989,2,,,Active,,,http://www.redfin.com/CA/Tracy/371-E-Mt-Diablo-Ave-95376/home/19758661,MetroList,20030361,N,Y,37.7295637,-121.4198366
MLS Listing,,Single Family Residential,2091 Wisteria Pl,Manteca,CA,95337-79,444900,3,2.0,Manteca,1831,7790,2006,2,243,,Active,,,http://www.redfin.com/CA/Manteca/2091-Wisteria-Pl-95337/home/19713253,"bridgeMLS, Bay East AOR, or Contra Costa AOR",40906375,N,Y,37.7709014,-121.1999839
MLS Listing,,Single Family Residential,1100 Rainbow Dr,Martinez,CA,94553-4714,829900,4,2.0,Martinez,1903,21311,1968,2,436,,Active,,,http://www.redfin.com/CA/Martinez/1100-Rainbow-Dr-94553/home/1640217,"bridgeMLS, Bay East AOR, or Contra Costa AOR",40906371,N,Y,37.9870561,-122.1039374
MLS Listing,,Single Family Residential,4176 Redwood Rd,Livermore,CA,94551,649000,3,2.0,,1110,6377,1985,2,585,78,Active,,,http://www.redfin.com/CA/Livermore/4176-Redwood-Rd-94551/home/1450036,SDMLS,200024318,N,Y,37.7101092,-121.7495334
MLS Listing,,Single Family Residential,27442 Capri Ave,Hayward,CA,94545,624888,3,2.0,Hayward,1000,5000,1957,2,625,,Active,,,http://www.redfin.com/CA/Hayward/27442-Capri-Ave-94545/home/1452007,"bridgeMLS, Bay East AOR, or Contra Costa AOR",40906369,N,Y,37.6262305,-122.1044033
MLS Listing,,Single Family Residential,110 Mulberry Loop,Pleasant Hill,CA,94523,895000,3,2.0,Poets Corner,1595,11050,1986,2,561,,Active,,,http://www.redfin.com/CA/Pleasant-Hill/110-Mulberry-Loop-94523/home/1424454,"bridgeMLS, Bay East AOR, or Contra Costa AOR",40906367,N,Y,37.9425327,-122.0739574
MLS Listing,,Single Family Residential,3444 Keystone Loop,Discovery Bay,CA,94505,648000,5,4.0,Lakeshore,3517,6800,2003,2,184,205,Active,,,http://www.redfin.com/CA/Discovery-Bay/3444-Keystone-Loop-94505/home/2101785,"bridgeMLS, Bay East AOR, or Contra Costa AOR",40906366,N,Y,37.9140886,-121.615095
MLS Listing,,Single Family Residential,366 Parkfield Way,Oakley,CA,94561,609900,3,2.5,Oakley,2222,6068,2018,2,274,,Active,,,http://www.redfin.com/CA/Oakley/366-Parkfield-Way-94561/home/142978656,"bridgeMLS, Bay East AOR, or Contra Costa AOR",40906365,N,Y,37.9938455,-121.6859936
MLS Listing,,Single Family Residential,1508 Nuala St,Concord,CA,94518,665000,3,2.0,Concord,1467,7210,1962,2,453,,Active,,,http://www.redfin.com/CA/Concord/1508-Nuala-St-94518/home/1066844,"bridgeMLS, Bay East AOR, or Contra Costa AOR",40906358,N,Y,37.9394447,-122.045079
MLS Listing,,Single Family Residential,16093 Mills Ave,San Lorenzo,CA,94580,699000,4,2.0,San Lorenzo Mano,1610,7140,1951,2,434,,Active,,,http://www.redfin.com/CA/San-Lorenzo/16093-Mills-Ave-94580/home/1747890,"bridgeMLS, Bay East AOR, or Contra Costa AOR",40906356,N,Y,37.691054,-122.1235497
MLS Listing,,Single Family Residential,472 Colina Way,El Sobrante,CA,94803,749000,3,2.5,El Sobrante,2131,,2019,2,351,188,Active,,,http://www.redfin.com/CA/El-Sobrante/472-Colina-Way-94803/home/40091424,"bridgeMLS, Bay East AOR, or Contra Costa AOR",40906355,N,Y,37.97313,-122.305232
MLS Listing,,Single Family Residential,17201 Park Ave,Sonoma,CA,95476,639000,2,2.0,Sonoma,1185,5001,1981,2,539,,Active,,,http://www.redfin.com/CA/Sonoma/17201-Park-Ave-95476/home/2390887,BAREIS,22010158,N,Y,38.3234158,-122.4835415
MLS Listing,,Single Family Residential,125 CHATSWORTH Ct,Brentwood,CA,94513,589900,4,3.0,Brentwood,2205,7404,2002,2,268,,Active,,,http://www.redfin.com/CA/Brentwood/125-Chatsworth-Ct-94513/home/1227043,"bridgeMLS, Bay East AOR, or Contra Costa AOR",40906353,N,Y,37.9230559,-121.7231528
MLS Listing,,Single Family Residential,2511 Bradford Ave,Hayward,CA,94545,749950,3,2.0,Glen Eden,1651,5238,1958,2,454,,Active,,,http://www.redfin.com/CA/Hayward/2511-Bradford-Ave-94545/home/1011114,"bridgeMLS, Bay East AOR, or Contra Costa AOR",40906352,N,Y,37.6358424,-122.1085746
MLS Listing,,Single Family Residential,13271 Saddle Crest Cir,Galt,CA,95632,715000,3,2.5,Galt,2392,82764,2008,2,,,Active,,,http://www.redfin.com/CA/Galt/13271-Saddle-Crest-Cir-95632/home/19060700,MetroList,20026943,N,Y,38.2827908,-121.3202736
MLS Listing,,Single Family Residential,939 Duncraig Way,Galt,CA,95632,535000,4,2.5,Galt,2173,7714,2002,2,,,Active,,,http://www.redfin.com/CA/Galt/939-Duncraig-Way-95632/home/19105863,MetroList,20030268,N,Y,38.2811953,-121.2881398
MLS Listing,,Single Family Residential,600 Carnation Ct,Sonoma,CA,95476,595000,2,2.0,Sonoma,1250,6159,1988,2,476,180,Active,,,http://www.redfin.com/CA/Sonoma/600-Carnation-Ct-95476/home/2537531,BAREIS,22011450,N,Y,38.2635245,-122.4963638
MLS Listing,,Single Family Residential,12028 Glenora Way,Sunol,CA,94586,825000,2,2.0,Kilkare Woods,1008,4538,1928,2,818,40,Active,,,http://www.redfin.com/CA/Sunol/12028-Glenora-Way-94586/unit-59/home/1749670,"bridgeMLS, Bay East AOR, or Contra Costa AOR",40905620,N,Y,37.6312547,-121.9156763
MLS Listing,,Single Family Residential,4823 Snow Dr,SAN JOSE,CA,95111,759000,3,2.0,SAN JOSE,1056,6150,1962,2,719,,Active,,,http://www.redfin.com/CA/San-Jose/4823-Snow-Dr-95111/home/1781979,MLSListings,ML81794250,N,Y,37.2756714,-121.8061472
MLS Listing,,Single Family Residential,6342 Lafayette Ave,Newark,CA,94560,798000,3,2.0,Newark,1006,7502,1964,2,793,,Active,,,http://www.redfin.com/CA/Newark/6342-Lafayette-Ave-94560/home/1502329,"bridgeMLS, Bay East AOR, or Contra Costa AOR",40904634,N,Y,37.5404372,-122.0415492
MLS Listing,,Single Family Residential,6955 N N. Mariposa Ln,Dublin,CA,94568,814500,3,2.5,Dublin,1817,,2013,2,448,235,Active,,,http://www.redfin.com/CA/Dublin/6955-N-Mariposa-Ln-94568/home/50264088,"bridgeMLS, Bay East AOR, or Contra Costa AOR",40906156,N,Y,37.7160029,-121.9106547
MLS Listing,,Single Family Residential,3004 Muse Way,Fairfield,CA,94533,592500,4,3.0,Fairfield 1,2105,5330,2019,2,281,,Active,,,http://www.redfin.com/CA/Fairfield/3004-Muse-Way-94533/home/168995800,BAREIS,22011706,N,Y,38.28476,-122.003401
MLS Listing,,Single Family Residential,713 Thompsons Dr,Brentwood,CA,94513,719888,4,2.5,Brentwood,2800,6120,1999,2,257,,Active,,,http://www.redfin.com/CA/Brentwood/713-Thompsons-Dr-94513/home/1918276,"bridgeMLS, Bay East AOR, or Contra Costa AOR",40906326,N,Y,37.9447459,-121.7112406
MLS Listing,,Single Family Residential,3906 Cobblestone Dr,Antioch,CA,94509,489900,3,2.0,Ridgerock,1690,8100,1968,2,290,,Active,,,http://www.redfin.com/CA/Antioch/3906-Cobblestone-Dr-94509/home/1831168,"bridgeMLS, Bay East AOR, or Contra Costa AOR",40906325,N,Y,37.9819614,-121.8007852
MLS Listing,,Single Family Residential,622 Western Dr,Point Richmond,CA,94801,875000,3,2.5,Contra Costa,1457,2344,1903,2,601,,Active,,,http://www.redfin.com/CA/Richmond/622-Western-Dr-94801/home/1963143,BAREIS,22011694,N,Y,37.928527,-122.392676
MLS Listing,,Single Family Residential,181 W Santa Barbara Way,Mountain House,CA,95391,432900,2,2.5,Mountain House,1347,2975,2007,2,,105,Active,,,http://www.redfin.com/CA/Mountain-House/181-W-Santa-Barbara-Way-95391/home/22547207,MetroList,20030287,N,Y,37.7828145,-121.5447807
MLS Listing,,Single Family Residential,2018 Hedge Ave,Brentwood,CA,94513,536000,3,2.5,Brentwood,2002,6000,2000,2,268,,Active,,,http://www.redfin.com/CA/Brentwood/2018-Hedge-Ave-94513/home/636706,"bridgeMLS, Bay East AOR, or Contra Costa AOR",40906309,N,Y,37.9563638,-121.6977459
MLS Listing,,Single Family Residential,2720 Soho Ln,Fairfield,CA,94533,449900,3,2.5,Fairfield 1,1516,1638,2015,2,297,135,Active,,,http://www.redfin.com/CA/Fairfield/2720-Soho-Ln-94533/home/22578536,BAREIS,22011620,N,Y,38.2973017,-121.9686429
MLS Listing,,Single Family Residential,635 Janice Ave,Hayward,CA,94544,739888,3,2.0,El Rancho Verde,1371,7750,1955,2,540,,Active,,,http://www.redfin.com/CA/Hayward/635-Janice-Ave-94544/home/1146788,"bridgeMLS, Bay East AOR, or Contra Costa AOR",40905661,N,Y,37.6220109,-122.0344003
MLS Listing,,Single Family Residential,1035 Via Palma,San Lorenzo,CA,94580,738000,3,2.0,San Lorenzo Vilg,1452,8732,1948,2,508,10,Active,,,http://www.redfin.com/CA/San-Lorenzo/1035-Via-Palma-94580/home/1420002,"bridgeMLS, Bay East AOR, or Contra Costa AOR",40906308,N,Y,37.6692445,-122.1282748
MLS Listing,,Single Family Residential,199 Copper Beech Gln,Hercules,CA,94547,739000,4,2.5,Victoria By The Bay,2123,3832,2004,2,348,122,Active,,,http://www.redfin.com/CA/Hercules/199-Copper-Beech-Gln-94547/home/2105849,"bridgeMLS, Bay East AOR, or Contra Costa AOR",40906307,N,Y,38.0211774,-122.2656324
MLS Listing,,Single Family Residential,1973 Angelico Cir,Stockton,CA,95207,399000,3,2.0,Northwest Stockton,1867,6599,1985,2,,16,Active,,,http://www.redfin.com/CA/Stockton/1973-Angelico-Cir-95207/home/19816534,MetroList,20030280,N,Y,37.9833166,-121.3306403
MLS Listing,,Single Family Residential,259 W Saint Francis Ave,Mountain House,CA,95391,495000,3,3.0,Mountain House,1681,3848,2013,2,294,105,Active,,,http://www.redfin.com/CA/Tracy/259-W-St-Francis-Ave-95391/home/22491802,"bridgeMLS, Bay East AOR, or Contra Costa AOR",40906303,N,Y,37.7836034,-121.5467456
MLS Listing,,Single Family Residential,71 Trish Dr,Novato,CA,94947,829000,3,2.0,Novato,1318,7501,1963,2,629,,Active,,,http://www.redfin.com/CA/Novato/71-Trish-Dr-94947/home/1325006,BAREIS,22011507,N,Y,38.112363,-122.6179644
MLS Listing,,Single Family Residential,3263 Quail Hollow Dr,Fairfield,CA,94534,699000,4,3.0,Fairfield 3,2726,5615,1991,2,256,64,Active,,,http://www.redfin.com/CA/Fairfield/3263-Quail-Hollow-Dr-94534/home/2537464,BAREIS,22011185,N,Y,38.290136,-122.0776859
MLS Listing,,Single Family Residential,4812 Walnut St,Oakland,CA,94619,899000,4,2.5,Maxwell  Park,1592,4080,1916,2,565,,Active,,,http://www.redfin.com/CA/Oakland/4812-Walnut-St-94619/home/1422517,"bridgeMLS, Bay East AOR, or Contra Costa AOR",40906294,N,Y,37.7797326,-122.1994141
MLS Listing,,Single Family Residential,10273 Singleton Rd,SAN JOSE,CA,95111,750000,3,2.0,SAN JOSE,1118,9608,1951,2,671,,Active,,,http://www.redfin.com/CA/San-Jose/10273-Singleton-Rd-95111/home/1247009,MLSListings,ML81794207,N,Y,37.2874813,-121.8386915
MLS Listing,,Single Family Residential,3436 Tupelo Dr,Stockton,CA,95209,407500,3,2.0,far Northwest Stockton,1735,6700,1996,2,,60,Active,,,http://www.redfin.com/CA/Stockton/3436-Tupelo-Dr-95209/home/19847398,MetroList,20030043,N,Y,38.0530541,-121.3590324
MLS Listing,,Single Family Residential,8956 Eureka Dr,Stockton,CA,95212,349900,4,2.0,Northeast Stockton,1820,6203,2003,2,,,Active,,,http://www.redfin.com/CA/Stockton/8956-Eureka-Dr-95212/home/19717777,MetroList,20030098,N,Y,38.0308452,-121.2700356
MLS Listing,,Single Family Residential,1005 Wynn Cir,Livermore,CA,94550,749000,3,2.0,Windmill Srpings,1200,5854,1994,2,624,,Active,,,http://www.redfin.com/CA/Livermore/1005-Wynn-Cir-94550/home/1577964,"bridgeMLS, Bay East AOR, or Contra Costa AOR",40905673,N,Y,37.6825493,-121.73729
MLS Listing,,Single Family Residential,1876 E Summerfield Ct,Oakley,CA,94561,485000,3,2.0,Oakley,1512,7700,1993,2,321,,Active,,,http://www.redfin.com/CA/Oakley/1876-E-Summerfield-Ct-94561/home/638121,"bridgeMLS, Bay East AOR, or Contra Costa AOR",40906290,N,Y,38.0027982,-121.727628
MLS Listing,,Single Family Residential,5024 Netto Dr,Concord,CA,94521,665000,3,2.0,Concord,1313,10710,1959,2,506,,Active,,,http://www.redfin.com/CA/Concord/5024-Netto-Dr-94521/home/705575,"bridgeMLS, Bay East AOR, or Contra Costa AOR",40906289,N,Y,37.961767,-121.9692842
MLS Listing,,Single Family Residential,462 Avanti Way,Oakley,CA,94561,491990,3,2.5,Oakley,1631,3780,2020,2,302,,Active,,,http://www.redfin.com/CA/Oakley/462-Avanti-WAY-94561/home/171925451,"bridgeMLS, Bay East AOR, or Contra Costa AOR",40906288,N,Y,37.9974219,-121.7124536
MLS Listing,,Single Family Residential,481 Avanti Way,Oakley,CA,94561,529990,3,2.5,Oakley,2007,3780,2020,2,264,,Active,,,http://www.redfin.com/CA/Oakley/481-Avanti-WAY-94561/home/171925330,"bridgeMLS, Bay East AOR, or Contra Costa AOR",40906286,N,Y,37.99059,-121.6774
MLS Listing,,Single Family Residential,441 W Vine,Stockton,CA,95203,290000,3,2.0,Central Stockton,1434,5001,1904,2,,,Active,,,http://www.redfin.com/CA/Stockton/441-W-Vine-St-95203/home/19801462,MetroList,20030144,N,Y,37.964472,-121.3007665
MLS Listing,,Single Family Residential,145 Elysian Fields Dr,Oakland,CA,94605-4922,899000,3,2.0,Sequoyah Hghlds,1789,12432,1959,2,503,,Active,,,http://www.redfin.com/CA/Oakland/145-Elysian-Fields-Dr-94605/home/601451,"bridgeMLS, Bay East AOR, or Contra Costa AOR",40906278,Y,Y,37.7601448,-122.1366818
MLS Listing,,Single Family Residential,5045 Discovery Pt,Discovery Bay,CA,94505,869000,4,2.5,Delta Waterfront,2308,7200,1979,2,377,,Active,,,http://www.redfin.com/CA/Discovery-Bay/5045-Discovery-Pt-94505/home/532790,"bridgeMLS, Bay East AOR, or Contra Costa AOR",40906276,N,Y,37.9115994,-121.60384
MLS Listing,,Single Family Residential,1714 Wyatt Way,Stockton,CA,95209,315000,3,2.0,Northeast Stockton,1552,6499,1978,2,,,Active,,,http://www.redfin.com/CA/Stockton/1714-Wyatt-Way-95209/home/19846116,MetroList,20030214,N,Y,38.0376495,-121.334751
MLS Listing,,Single Family Residential,3917 Keller Ave,Oakland,CA,94605,799000,4,2.0,Melrose Highlnds,1874,5000,1942,2,426,,Active,,,http://www.redfin.com/CA/Oakland/3917-Keller-Ave-94605/home/1618964,"bridgeMLS, Bay East AOR, or Contra Costa AOR",40906275,N,Y,37.7714254,-122.1572862
MLS Listing,,Single Family Residential,2046 Eilene Dr,Pleasanton,CA,94588-0000,849000,2,2.5,Mohr Park,1314,3471,1989,2,646,,Active,,,http://www.redfin.com/CA/Pleasanton/2046-Eilene-Dr-94588/home/1266472,"bridgeMLS, Bay East AOR, or Contra Costa AOR",40906274,N,Y,37.6848354,-121.870159
MLS Listing,,Single Family Residential,2635 Havenscourt Blvd,Oakland,CA,94605,635000,3,2.0,Havenscourt,1256,5000,1925,2,506,,Active,,,http://www.redfin.com/CA/Oakland/2635-Havenscourt-Blvd-94605/home/570658,"bridgeMLS, Bay East AOR, or Contra Costa AOR",40905494,N,Y,37.7682918,-122.1839839
MLS Listing,,Single Family Residential,940 Elk Run Ter,Brentwood,CA,94513,500000,3,2.5,Deer Creek,1531,3680,1989,2,327,140,Active,,,http://www.redfin.com/CA/Brentwood/940-Elk-Run-Ter-94513/home/1806757,"bridgeMLS, Bay East AOR, or Contra Costa AOR",40906270,N,Y,37.9357614,-121.7138235
MLS Listing,,Single Family Residential,409 Boulder Dr,ANTIOCH,CA,94509,545000,4,2.5,ANTIOCH,2152,7812,1986,2,253,,Active,,,http://www.redfin.com/CA/Antioch/409-Boulder-Dr-94509/home/1577941,MLSListings,ML81793403,N,Y,37.9828261,-121.795245
MLS Listing,,Single Family Residential,5529 Nebraska Dr,Concord,CA,94521,659980,4,2.0,Clayton Valley,1321,7000,1960,2,500,,Active,,,http://www.redfin.com/CA/Concord/5529-Nebraska-Dr-94521/home/1332284,"bridgeMLS, Bay East AOR, or Contra Costa AOR",40906152,N,Y,37.9447512,-121.9560875
MLS Listing,,Single Family Residential,686 Hagemann Dr,Livermore,CA,94551,805000,3,2.0,Livermore,1343,7977,1973,2,599,,Active,,,http://www.redfin.com/CA/Livermore/686-Hagemann-Dr-94551/home/897570,"bridgeMLS, Bay East AOR, or Contra Costa AOR",40905805,N,Y,37.6863712,-121.8013859
MLS Listing,,Single Family Residential,548 Belmont Ct,Brentwood,CA,94513,679000,4,3.0,Brentwood,2720,7300,2007,2,250,,Active,,,http://www.redfin.com/CA/Brentwood/548-Belmont-Ct-94513/home/17167823,"bridgeMLS, Bay East AOR, or Contra Costa AOR",40906269,N,Y,37.951649,-121.6872564
MLS Listing,,Single Family Residential,1737 Luna Bella Ln,Manteca,CA,95337,486000,3,2.0,South Manteca,2071,7701,2012,2,,,Active,,,http://www.redfin.com/CA/Manteca/1737-Luna-Bella-Ln-95337/home/22490826,MetroList,20029904,N,Y,37.7765572,-121.2210731
MLS Listing,,Single Family Residential,5939 Riverbank Cir,Stockton,CA,95219,399000,3,2.0,Far Northwest Stockton,1561,5998,2002,2,,160,Active,,,http://www.redfin.com/CA/Stockton/5939-Riverbank-Cir-95219/home/19733519,MetroList,20029842,N,Y,37.9908465,-121.367408
MLS Listing,,Single Family Residential,1027 Zumstein Dr,Ripon,CA,95366,449990,3,2.0,Ripon,1497,6085,1995,2,,,Active,,,http://www.redfin.com/CA/Ripon/1027-Zumstein-Dr-95366/home/19749262,MetroList,20025474,N,Y,37.7307556,-121.1431609
MLS Listing,,Single Family Residential,1715 W Harding Way,Stockton,CA,95203,365750,4,2.0,Central Stockton,1496,6961,1931,2,,,Active,,,http://www.redfin.com/CA/Stockton/1715-W-Harding-Way-95203/home/19803223,MetroList,20029156,N,Y,37.9634492,-121.3187542
MLS Listing,,Single Family Residential,1978 Angelico Cir,Stockton,CA,95207,379000,3,2.0,Northwest Stockton,1747,6055,1986,2,,10,Active,,,http://www.redfin.com/CA/Stockton/1978-Angelico-Cir-95207/home/19816530,MetroList,20013086,N,Y,37.9833814,-121.3297243
MLS Listing,,Single Family Residential,806 Cameron Ct,Vacaville,CA,95687,435000,3,2.0,Vacaville 4,1249,4552,1988,2,348,,Active,,,http://www.redfin.com/CA/Vacaville/806-Cameron-Ct-95687/home/2514637,BAREIS,22011654,N,Y,38.3237029,-121.9617308
MLS Listing,,Single Family Residential,93 Cameo Dr,LIVERMORE,CA,94550,875000,3,2.0,LIVERMORE,1649,7780,1970,2,531,,Active,,,http://www.redfin.com/CA/Livermore/93-Cameo-Dr-94550/home/1411031,MLSListings,ML81794176,N,Y,37.6656492,-121.8011412
MLS Listing,,Single Family Residential,135 El Caminito,Livermore,CA,94550,799000,3,2.0,Livermore,1136,6429,1964,2,703,,Active,,,http://www.redfin.com/CA/Livermore/135-El-Caminito-94550/home/902590,"bridgeMLS, Bay East AOR, or Contra Costa AOR",40905574,N,Y,37.6761409,-121.7955565
MLS Listing,,Single Family Residential,576 Maywood Way,Fairfield,CA,94533,404999,3,2.0,Fairfield 2,1296,6970,1976,2,312,,Active,,,http://www.redfin.com/CA/Fairfield/576-Maywood-Way-94533/home/2555382,BAREIS,22011263,N,Y,38.28328,-122.0275619
MLS Listing,,Single Family Residential,100 Sage St,Vallejo,CA,94589,399000,3,2.0,Vallejo 6,1100,6534,1956,2,363,,Active,,,http://www.redfin.com/CA/Vallejo/100-Sage-St-94589/home/2273086,BAREIS,22010613,N,Y,38.1422067,-122.2272982
MLS Listing,,Single Family Residential,4788 N Stone Rd,BETHEL ISLAND,CA,94511,499000,3,2.0,BETHEL ISLAND,1704,8325,1955,3,293,,Active,,,http://www.redfin.com/CA/Bethel-Island/4788-Stone-Rd-94511/home/549248,MLSListings,ML81794171,N,Y,38.0184939,-121.6081415
MLS Listing,,Single Family Residential,4089 S Anchor Ct,Discovery Bay,CA,94505,450000,5,3.5,Centex,2043,4920,1997,3,220,,Active,,,http://www.redfin.com/CA/Discovery-Bay/4089-S-Anchor-Ct-94505/home/1818500,"bridgeMLS, Bay East AOR, or Contra Costa AOR",40906242,N,Y,37.8916222,-121.6320311
MLS Listing,,Single Family Residential,5441 Betty Cir,Livermore,CA,94550,830000,4,2.5,Rhonewood Park,1987,6120,1971,3,418,33,Active,,,http://www.redfin.com/CA/Livermore/5441-Betty-Cir-94550/home/1885232,"bridgeMLS, Bay East AOR, or Contra Costa AOR",40906241,N,Y,37.6868065,-121.7253125
MLS Listing,,Single Family Residential,1920 Bandoni Ave,San Lorenzo,CA,94580,649000,3,2.0,Lorenzo Village,1218,5044,1955,3,533,10,Active,,,http://www.redfin.com/CA/San-Lorenzo/1920-Bandoni-Ave-94580/home/935289,"bridgeMLS, Bay East AOR, or Contra Costa AOR",40906239,N,Y,37.667191,-122.1432694
MLS Listing,,Single Family Residential,89 Temelec Cir,Sonoma,CA,95476,680000,3,2.0,Sonoma,1494,8250,1965,3,455,195,Active,,,http://www.redfin.com/CA/Sonoma/89-Temelec-Cir-95476/home/2535242,BAREIS,22011394,N,Y,38.2681781,-122.4920751
MLS Listing,,Single Family Residential,411 Elmwood Ln,Hayward,CA,94541,745000,3,2.0,Hayward,1702,5300,1950,3,438,,Active,,,http://www.redfin.com/CA/Hayward/411-Elmwood-Ln-94541/home/954733,"bridgeMLS, Bay East AOR, or Contra Costa AOR",40906236,N,Y,37.6632081,-122.1026283
MLS Listing,,Single Family Residential,1183 Augusta Pointe Ct,Ripon,CA,95366,645000,4,3.0,Ripon,3345,9753,2004,3,,,Active,,,http://www.redfin.com/CA/Ripon/1183-Augusta-Pointe-Ct-95366/home/19723535,MetroList,20029433,N,Y,37.7284261,-121.1361568
MLS Listing,,Single Family Residential,249 Stranahan Cir,Clayton,CA,94517,699000,3,2.5,Stranahan,1663,3920,1995,3,420,,Active,,,http://www.redfin.com/CA/Clayton/249-Stranahan-Cir-94517/home/1639765,"bridgeMLS, Bay East AOR, or Contra Costa AOR",40906230,N,Y,37.9388745,-121.9322672
MLS Listing,,Single Family Residential,30 KINGSFORD Ct,Pittsburg,CA,94565,425000,3,2.0,Pittsburg,1420,8000,1974,3,299,,Active,,,http://www.redfin.com/CA/Pittsburg/30-Kingsford-Ct-94565/home/1675261,"bridgeMLS, Bay East AOR, or Contra Costa AOR",40906225,N,Y,38.0091189,-121.9022178
MLS Listing,,Single Family Residential,1500 Miwok Ct,Brentwood,CA,94513,708800,2,2.0,Trilogy Vineyards,1728,5961,2016,3,410,346,Active,,,http://www.redfin.com/CA/Brentwood/1500-Miwok-Ct-94513/home/56908506,"bridgeMLS, Bay East AOR, or Contra Costa AOR",40906220,N,Y,37.9006574,-121.723086
MLS Listing,,Single Family Residential,1936 Natoma Dr,Concord,CA,94519,569000,3,2.0,Concord,1522,7200,1959,3,374,,Active,,,http://www.redfin.com/CA/Concord/1936-Natoma-Dr-94519/home/1343787,"bridgeMLS, Bay East AOR, or Contra Costa AOR",40906217,N,Y,37.9918422,-122.0059335
MLS Listing,,Single Family Residential,1339 Hermosa Ave,PACIFICA,CA,94044,699000,3,2.0,PACIFICA,1490,5000,1954,3,469,,Active,,,http://www.redfin.com/CA/Pacifica/1339-Hermosa-Ave-94044/home/658347,MLSListings,ML81793417,N,Y,37.5892105,-122.4967617
MLS Listing,,Single Family Residential,692 Hutchings Dr,SAN LEANDRO,CA,94577,760000,4,2.0,SAN LEANDRO,1479,5000,1942,3,514,,Active,,,http://www.redfin.com/CA/San-Leandro/692-Hutchings-Dr-94577/home/1403077,MLSListings,ML81794139,N,Y,37.7243938,-122.1775984
MLS Listing,,Single Family Residential,550 Eldridge Ave,Novato,CA,94947,725000,3,2.0,Novato,1132,7601,1955,3,640,,Active,,,http://www.redfin.com/CA/Novato/550-Eldridge-Ave-94947/home/1095247,BAREIS,22011633,N,Y,38.0837731,-122.5645332
MLS Listing,,Single Family Residential,27629 Gainesville Ave,Hayward,CA,94545,749888,3,2.0,Central Hayward,1119,5300,1955,3,670,,Active,,,http://www.redfin.com/CA/Hayward/27629-Gainesville-Ave-94545/home/1752174,"bridgeMLS, Bay East AOR, or Contra Costa AOR",40906201,N,Y,37.6281824,-122.0918665
MLS Listing,,Single Family Residential,783 Birch Ct,Galt,CA,95632,498000,5,2.5,Galt,2132,7749,1989,3,,,Active,,,http://www.redfin.com/CA/Galt/783-Birch-Ct-95632/home/19270759,MetroList,20030054,N,Y,38.2799857,-121.3025495
MLS Listing,,Single Family Residential,6371 Half Dome Way,Livermore,CA,94551,818888,3,2.0,Ca Mountain View,1486,5200,1997,3,551,,Active,,,http://www.redfin.com/CA/Livermore/6371-Half-Dome-Way-94551/home/851888,"bridgeMLS, Bay East AOR, or Contra Costa AOR",40905913,N,Y,37.7153369,-121.720058
MLS Listing,,Single Family Residential,2155 Quiet Lake Pl,Martinez,CA,94553,649000,3,2.5,Hidden Lake,1332,3120,1984,3,487,,Active,,,http://www.redfin.com/CA/Martinez/2155-Quiet-Lake-Pl-94553/home/975198,"bridgeMLS, Bay East AOR, or Contra Costa AOR",40906198,N,Y,37.977128,-122.082797
MLS Listing,,Single Family Residential,2259 Revival Ln,Rio Vista,CA,94571,429900,3,2.0,Rio Vista,1837,5001,2020,3,234,300,Active,,,http://www.redfin.com/CA/Rio-Vista/2259-Revival-Ln-94571/home/22573942,BAREIS,22011625,N,Y,38.20227,-121.715684
MLS Listing,,Single Family Residential,2251 Revival Ln,Rio Vista,CA,94571,414900,2,2.0,Rio Vista,1686,5310,2019,3,246,300,Active,,,http://www.redfin.com/CA/Rio-Vista/2251-Revival-Ln-94571/home/22573943,BAREIS,22011623,N,Y,38.202132,-121.715685
MLS Listing,,Single Family Residential,15538 Lorenzo Ave,San Lorenzo,CA,94580,788000,3,2.5,San Lorenzo Vilg,1743,4225,1988,3,452,10,Active,,,http://www.redfin.com/CA/San-Lorenzo/15538-Lorenzo-Ave-94580/home/542301,"bridgeMLS, Bay East AOR, or Contra Costa AOR",40905188,N,Y,37.6840444,-122.1388491
MLS Listing,,Single Family Residential,2258 Revival Ln,Rio Vista,CA,94571,384900,2,2.0,Rio Vista,1255,5354,2019,3,307,300,Active,,,http://www.redfin.com/CA/Rio-Vista/2258-Revival-Ln-94571/home/22573910,BAREIS,22011618,N,Y,38.202268,-121.715141
MLS Listing,,Single Family Residential,1758 Marchesotti Ct,Stockton,CA,95205,404399,4,2.5,East Stockton,2053,5371,2016,3,,,Active,,,http://www.redfin.com/CA/Stockton/1758-Marchesotti-Ct-95205/home/19709511,MetroList,20030089,N,Y,37.9922906,-121.2803173
MLS Listing,,Single Family Residential,710 W Elm St,Lodi,CA,95240,700000,4,2.5,Lodi/Woodbdg/Sunnyside Estates/Henderson Village,2400,7501,,3,,,Active,,,http://www.redfin.com/CA/Lodi/710-W-Elm-St-95240/home/22541776,MetroList,20026541,N,Y,38.135349,-121.282527
MLS Listing,,Single Family Residential,4159 Rowland Dr,Fairfield,CA,94533,665000,4,2.0,Fairfield 1,2146,8864,1998,3,310,35,Active,,,http://www.redfin.com/CA/Fairfield/4159-Rowland-Dr-94533/home/2554323,BAREIS,22010565,N,Y,38.3000083,-122.0206315
MLS Listing,,Single Family Residential,1730 Parker Polich Ct,Tracy,CA,95376,519000,5,3.0,Parkside,2360,5796,1990,3,220,,Active,,,http://www.redfin.com/CA/Tracy/1730-Parker-Polich-Ct-95376/home/19757177,"bridgeMLS, Bay East AOR, or Contra Costa AOR",40906181,N,Y,37.7224374,-121.4476043
MLS Listing,,Single Family Residential,1872 E St,Hayward,CA,94541,799000,3,2.0,Fairview,1506,8282,1962,3,531,,Active,,,http://www.redfin.com/CA/Hayward/1872-E-St-94541/home/1349477,"bridgeMLS, Bay East AOR, or Contra Costa AOR",40906179,N,Y,37.6747456,-122.0633481
MLS Listing,,Single Family Residential,4804 Seaview Ave,Castro Valley,CA,94546,819000,3,2.0,Upper Redwood,1246,6988,1951,3,657,,Active,,,http://www.redfin.com/CA/Castro-Valley/4804-Seaview-Ave-94546/home/1633213,"bridgeMLS, Bay East AOR, or Contra Costa AOR",40906178,N,Y,37.71408,-122.073299
MLS Listing,,Single Family Residential,1058 Glenwillow Dr,Brentwood,CA,94513,509900,3,2.5,Brentwood,1593,3528,1994,3,320,,Active,,,http://www.redfin.com/CA/Brentwood/1058-Glenwillow-Dr-94513/home/1792660,"bridgeMLS, Bay East AOR, or Contra Costa AOR",40906177,N,Y,37.9343452,-121.7155603
MLS Listing,,Single Family Residential,2251 Sol St,San Leandro,CA,94578,729000,3,2.0,Hillcrest Crest,1260,7776,1971,3,579,,Active,,,http://www.redfin.com/CA/San-Leandro/2251-Sol-St-94578/home/793629,"bridgeMLS, Bay East AOR, or Contra Costa AOR",40906173,N,Y,37.712739,-122.1217972
MLS Listing,,Single Family Residential,2139 Jayhawk Dr,Lodi,CA,95240,420000,3,2.5,Lodi/Woodbdg/Sunnyside Estates/Henderson Village,2008,5053,1994,3,,,Active,,,http://www.redfin.com/CA/Lodi/2139-Jayhawk-Dr-95240/home/19848950,MetroList,20029923,N,Y,38.106242,-121.2658779
MLS Listing,,Single Family Residential,4723 Lisette Way,Stockton,CA,95206,435900,5,3.0,Southwest Stockton,2383,3729,2020,3,,135,Active,,,http://www.redfin.com/CA/Stockton/4723-Lisette-Way-95206/home/22497988,MetroList,20030051,N,Y,37.898862,-121.293829
MLS Listing,,Single Family Residential,4734 Mangrum Dr,Santa Clara,CA,95054,899000,3,2.0,Santa Clara,1095,310365000,1960,3,,,Active,,,http://www.redfin.com/CA/Santa-Clara/4734-Mangrum-Dr-95054/home/1163273,MetroList,20030052,N,Y,37.4022511,-121.9595535
MLS Listing,,Single Family Residential,1872 Carlotta Dr,Concord,CA,94519,675000,3,2.0,Monte Gardens,1922,7500,1949,3,351,,Active,,,http://www.redfin.com/CA/Concord/1872-Carlotta-Dr-94519/home/1809881,"bridgeMLS, Bay East AOR, or Contra Costa AOR",40906168,N,Y,37.9861135,-122.0058002
MLS Listing,,Single Family Residential,1026 Meadow Brook Dr,Brentwood,CA,94513,649000,4,3.0,Brentwood,2633,10340,2003,3,246,,Active,,,http://www.redfin.com/CA/Brentwood/1026-Meadow-Brook-Dr-94513/home/2104028,"bridgeMLS, Bay East AOR, or Contra Costa AOR",40906162,N,Y,37.9439474,-121.7186998
MLS Listing,,Single Family Residential,338 Santa Anita Ct,Stockton,CA,95210,305000,3,2.0,Stockton,1213,25181,1967,3,251,,Active,,,http://www.redfin.com/CA/Stockton/338-Santa-Anita-Ct-95210/home/19034868,"bridgeMLS, Bay East AOR, or Contra Costa AOR",40906161,N,Y,38.0292058,-121.3101629
MLS Listing,,Single Family Residential,47 Margrave Ct,Walnut Creek,CA,94597,899000,3,2.0,Walnut Creek,1131,8554,1954,3,795,,Active,,,http://www.redfin.com/CA/Walnut-Creek/47-Margrave-Ct-94597/home/852997,"bridgeMLS, Bay East AOR, or Contra Costa AOR",40905925,N,Y,37.9184834,-122.0753556
MLS Listing,,Single Family Residential,6825 Armour Dr,Oakland,CA,94611,899000,4,2.0,Montclair,2500,16600,1973,3,360,,Active,,,http://www.redfin.com/CA/Oakland/6825-Armour-Dr-94611/home/2014048,"bridgeMLS, Bay East AOR, or Contra Costa AOR",40906154,Y,Y,37.837223,-122.2037147
MLS Listing,,Single Family Residential,1198 Palm St,SAN JOSE,CA,95110,898888,4,3.0,SAN JOSE,1325,4035,2020,3,678,,Active,,,http://www.redfin.com/CA/San-Jose/1198-Palm-St-95110/home/1295382,MLSListings,ML81793022,N,Y,37.314661,-121.882735
MLS Listing,,Single Family Residential,2028 Picasso Way,Stockton,CA,95206,385000,4,2.5,Southwest Stockton,2032,5288,2001,3,,,Active,,,http://www.redfin.com/CA/Stockton/2028-Picasso-Way-95206/home/19737113,MetroList,20030011,N,Y,37.9056494,-121.3158943
MLS Listing,,Single Family Residential,616 Blue Stone Dr,Stockton,CA,95206,337900,3,2.0,Southwest Stockton,1158,3554,2020,3,,135,Active,,,http://www.redfin.com/CA/Stockton/616-Bluestone-Dr-95206/home/22497777,MetroList,20030007,N,Y,37.897448,-121.292044
MLS Listing,,Single Family Residential,4616 Bayside Way,Oakley,CA,94561,425000,3,2.5,Oakley,1650,3500,1992,3,258,,Active,,,http://www.redfin.com/CA/Oakley/4616-Bayside-Way-94561/home/1908961,"bridgeMLS, Bay East AOR, or Contra Costa AOR",40905968,N,Y,37.9921983,-121.7004183
MLS Listing,,Single Family Residential,5347 Hildreth Ln,Stockton,CA,95212,895000,6,3.0,Far Northeast Stockton,3223,313196,1946,3,,,Active,,,http://www.redfin.com/CA/Stockton/5347-Hildreth-Ln-95212/home/144089042,MetroList,20028821,N,Y,38.032655,-121.244793
MLS Listing,,Single Family Residential,11860 IJAUNA,Galt,CA,95632,625000,3,2.5,Galt,2200,217800,1992,3,,,Active,,,http://www.redfin.com/CA/Galt/11860-Ijauna-Ln-95632/home/19275769,MetroList,20029978,N,Y,38.3277113,-121.2346975
MLS Listing,,Single Family Residential,11 Helix Ct,San Ramon,CA,94583,625000,2,2.0,Sunny Glen,960,5850,1963,3,651,30,Active,,,http://www.redfin.com/CA/San-Ramon/11-Helix-Ct-94583/home/1281813,"bridgeMLS, Bay East AOR, or Contra Costa AOR",40906143,N,Y,37.7303236,-121.9244889
MLS Listing,,Single Family Residential,5180 Edgeview Dr,Discovery Bay,CA,94505,625000,4,3.0,Discovery Bay Cc,2455,8320,1988,3,255,135,Active,,,http://www.redfin.com/CA/Discovery-Bay/5180-Edgeview-Dr-94505/home/1767607,"bridgeMLS, Bay East AOR, or Contra Costa AOR",40905280,N,Y,37.8999933,-121.6017226
MLS Listing,,Single Family Residential,5332 Capay Valley Ln,ANTIOCH,CA,94531,574990,3,2.0,ANTIOCH,2108,5225,2019,3,273,195,Active,,,http://www.redfin.com/CA/Antioch/5332-Valley-Way-94531/unit-128/home/169385077,MLSListings,ML81794060,N,Y,37.950571,-121.753821
MLS Listing,,Single Family Residential,1219 Meadowlark Dr,Fairfield,CA,94533,429999,3,2.0,Fairfield 6,1604,6534,1969,3,268,,Active,,,http://www.redfin.com/CA/Fairfield/1219-Meadowlark-Dr-94533/home/2566434,BAREIS,22011577,N,Y,38.2668976,-122.0084207
MLS Listing,,Single Family Residential,3116 Jo Ann Dr,Richmond,CA,94806,799000,5,3.0,Hilltop,1980,6000,2020,3,404,,Active,,,http://www.redfin.com/CA/Richmond/3116-Jo-Ann-Dr-94806/home/1128428,"bridgeMLS, Bay East AOR, or Contra Costa AOR",40902247,N,Y,37.9753498,-122.3215801
MLS Listing,,Single Family Residential,5317 Capay Valley Ln,ANTIOCH,CA,94531,549990,3,2.0,ANTIOCH,1767,4950,2019,3,311,195,Active,,,http://www.redfin.com/CA/Antioch/5317-Valley-Way-94531/home/171916783,MLSListings,ML81794056,N,Y,37.9662485,-121.7639838
MLS Listing,,Single Family Residential,269 Alta St,Brentwood,CA,94513,543500,5,3.0,Mission Grove,2345,2983,2014,3,232,100,Active,,,http://www.redfin.com/CA/Brentwood/269-Alta-St-94513/home/95952230,"bridgeMLS, Bay East AOR, or Contra Costa AOR",40906135,N,Y,37.9216591,-121.688615
MLS Listing,,Single Family Residential,412 Matteri Cir,Cotati,CA,94931,649900,4,2.5,Cotati/Rohnert Park,2386,4674,2005,3,272,151,Active,,,http://www.redfin.com/CA/Cotati/412-Matteri-Cir-94931/home/2652995,BAREIS,22010674,N,Y,38.3283883,-122.7022761
MLS Listing,,Single Family Residential,1064 Daniel Dr,Petaluma,CA,94954,725000,4,2.0,Petaluma East,1536,7405,1973,3,472,,Active,,,http://www.redfin.com/CA/Petaluma/1064-Daniel-Dr-94954/home/2248330,BAREIS,22011055,N,Y,38.2391533,-122.6067913
MLS Listing,,Single Family Residential,892 New Bedford Pl,Fairfield,CA,94533,539000,4,2.5,Fairfield 2,2294,5972,1989,3,235,,Active,,,http://www.redfin.com/CA/Fairfield/892-New-Bedford-Pl-94533/home/2560913,BAREIS,22011498,N,Y,38.2795898,-122.0188577
MLS Listing,,Single Family Residential,2394 Donatello St,Manteca,CA,95337,600000,4,3.5,South Manteca,2748,6913,2002,3,,,Active,,,http://www.redfin.com/CA/Manteca/2394-Donatello-St-95337/home/19734606,MetroList,20029865,N,Y,37.7814254,-121.2584787
MLS Listing,,Single Family Residential,1079 Birch Run,Manteca,CA,95336,555000,4,3.0,North Manteca,2334,8028,2009,3,,,Active,,,http://www.redfin.com/CA/Manteca/1079-Birch-Run-Way-95336/home/22561198,MetroList,20029738,N,Y,37.8352218,-121.234959
MLS Listing,,Single Family Residential,2175 W Euclid Ave,Stockton,CA,95204,260000,3,2.0,Central Stockton,1255,10006,1948,3,,,Active,,,http://www.redfin.com/CA/Stockton/2175-W-Euclid-Ave-95204/home/19816203,MetroList,20029306,N,Y,37.9730455,-121.3313552
MLS Listing,,Single Family Residential,2801 Stanfield Dr,Stockton,CA,95209,389000,4,2.5,Northeast Stockton,2226,7414,1979,3,,,Active,,,http://www.redfin.com/CA/Stockton/2801-Stanfield-Dr-95209/home/19839571,MetroList,20029778,N,Y,38.0361758,-121.3516867
MLS Listing,,Single Family Residential,2405 Marquette Way,Fairfield,CA,94533,475000,3,2.0,Fairfield 8,1475,11326,1983,3,322,,Active,,,http://www.redfin.com/CA/Fairfield/2405-Marquette-Way-94533/home/2150872,BAREIS,22011455,N,Y,38.2406077,-122.0752002
MLS Listing,,Single Family Residential,933 Mulberry Ct,Antioch,CA,94509,535000,3,2.0,Lone Tree Ests,2115,7340,1997,4,253,53,Active,,,http://www.redfin.com/CA/Antioch/933-Mulberry-Ct-94509/home/1829975,"bridgeMLS, Bay East AOR, or Contra Costa AOR",40906115,N,Y,37.9749315,-121.7901941
MLS Listing,,Single Family Residential,1165 Kelvin Rd,El Sobrante,CA,94803,720000,4,2.5,Hilltop Green,2074,6000,1979,4,347,,Active,,,http://www.redfin.com/CA/El-Sobrante/1165-Kelvin-Rd-94803/home/1119719,"bridgeMLS, Bay East AOR, or Contra Costa AOR",40906111,N,Y,37.9894126,-122.3039529
MLS Listing,,Single Family Residential,1101 1st St,Fairfield,CA,94533,415000,3,2.0,Fairfield 8,1360,5663,1954,4,305,,Active,,,http://www.redfin.com/CA/Fairfield/1101-1st-St-94533/home/2160257,BAREIS,22011537,N,Y,38.2546771,-122.0527378
MLS Listing,,Single Family Residential,107 Shorthorn St,Patterson,CA,95363,405000,3,2.0,Patterson,2249,7405,2004,4,,,Active,,,http://www.redfin.com/CA/Patterson/107-Shorthorn-St-95363/home/19880996,MetroList,20028680,N,Y,37.4667338,-121.158913
MLS Listing,,Single Family Residential,1298 Marlboro Ct,Concord,CA,94521,650000,3,2.0,Concord,1482,8100,1957,4,439,,Active,,,http://www.redfin.com/CA/Concord/1298-Marlboro-Ct-94521/home/1796974,"bridgeMLS, Bay East AOR, or Contra Costa AOR",40906105,N,Y,37.9569294,-121.9966946
MLS Listing,,Single Family Residential,14127 Grove St,Walnut Grove,CA,95690,359900,5,2.0,Walnut Grove,2148,8895,1925,4,,,Active,,,http://www.redfin.com/CA/Walnut-Grove/14127-Grove-St-95690/home/19274919,MetroList,20029657,N,Y,38.2425068,-121.5111948
MLS Listing,,Single Family Residential,412 Mark Ave,Vallejo,CA,94589,399000,3,2.0,Vallejo 6,1440,5227,1960,4,277,,Active,,,http://www.redfin.com/CA/Vallejo/412-Mark-Ave-94589/home/2271613,BAREIS,22011517,N,Y,38.1460318,-122.2311544
MLS Listing,,Single Family Residential,2515 Sherlock Dr,SAN JOSE,CA,95121,900000,4,2.5,SAN JOSE,1657,5111,1977,4,543,,Active,,,http://www.redfin.com/CA/San-Jose/2515-Sherlock-Dr-95121/home/1285115,MLSListings,ML81794017,N,Y,37.3106046,-121.8385608
MLS Listing,,Single Family Residential,556 Greenwood Dr,Vacaville,CA,95687,450000,4,2.0,Vacaville 5,1616,6970,1975,4,278,,Active,,,http://www.redfin.com/CA/Vacaville/556-Greenwood-Dr-95687/home/2479352,BAREIS,22011469,N,Y,38.3397797,-121.9690621
MLS Listing,,Single Family Residential,1917 Bordeaux Ave,Stockton,CA,95210,300000,3,2.0,Northeast Stockton,1249,5998,1976,4,,,Active,,,http://www.redfin.com/CA/Stockton/1917-Bordeaux-Ave-95210/home/19828572,MetroList,20029888,N,Y,38.0242901,-121.2894808
MLS Listing,,Single Family Residential,3449 Dormer Ave,Concord,CA,94519,569000,3,2.0,East Sun Terrrac,1134,6500,1961,4,502,,Active,,,http://www.redfin.com/CA/Concord/3449-Dormer-Ave-94519/home/691433,"bridgeMLS, Bay East AOR, or Contra Costa AOR",40906093,N,Y,37.996614,-122.0293381
MLS Listing,,Single Family Residential,1521 Golf Course Dr,Rohnert Park,CA,94928,549950,3,2.0,Cotati/Rohnert Park,1486,5902,1985,4,370,,Active,,,http://www.redfin.com/CA/Rohnert-Park/1521-Golf-Course-Dr-94928/home/2593757,BAREIS,22011512,N,Y,38.3675245,-122.6787994
MLS Listing,,Single Family Residential,530 Eldridge Ave,Novato,CA,94947,668500,3,2.0,Novato,1760,7601,1955,4,380,,Active,,,http://www.redfin.com/CA/Novato/530-Eldridge-Ave-94947/home/1416185,BAREIS,22011426,N,Y,38.0842598,-122.5644032
MLS Listing,,Single Family Residential,1154 Champagne Ln,Manteca,CA,95337,405000,3,2.0,South Manteca,1472,6774,1992,4,,,Active,,,http://www.redfin.com/CA/Manteca/1154-Champagne-Ln-95337/home/19768760,MetroList,20029872,N,Y,37.7867123,-121.2203575
MLS Listing,,Single Family Residential,1944 Heath Dr,El Sobrante,CA,94803,734888,3,2.0,Heath Heights,1364,6825,1970,4,539,,Active,,,http://www.redfin.com/CA/El-Sobrante/1944-Heath-Dr-94803/home/671026,"bridgeMLS, Bay East AOR, or Contra Costa AOR",40906080,N,Y,37.9812644,-122.2916387
MLS Listing,,Single Family Residential,2073 Mabel Ave,SAN JOSE,CA,95122,789000,3,2.0,SAN JOSE,1391,6452,1961,4,567,,Active,,,http://www.redfin.com/CA/San-Jose/2073-Mabel-Ave-95122/home/1246690,MLSListings,ML81793993,N,Y,37.3437668,-121.8360447
MLS Listing,,Single Family Residential,212 Diana Dr,Vallejo,CA,94589,425000,3,2.0,Vallejo 6,1359,7841,1963,4,313,,Active,,,http://www.redfin.com/CA/Vallejo/212-Diana-Dr-94589/home/2257664,BAREIS,22011510,N,Y,38.1498487,-122.2549977
MLS Listing,,Single Family Residential,457 Vista Ct,Benicia,CA,94510,759000,4,2.5,Benicia 2,1967,5227,1973,4,386,,Active,,,http://www.redfin.com/CA/Benicia/457-Vista-Ct-94510/home/2366233,BAREIS,22011066,N,Y,38.0586777,-122.1619432
MLS Listing,,Single Family Residential,1915 Wilcox Ave,San Pablo,CA,94806,469000,3,2.0,San Pablo Prop,1072,5750,1944,4,438,,Active,,,http://www.redfin.com/CA/San-Pablo/1915-Wilcox-Ave-94806/home/1816093,"bridgeMLS, Bay East AOR, or Contra Costa AOR",40906067,N,Y,37.9519635,-122.3508046
MLS Listing,,Single Family Residential,18511 Maynell Dr,Lathrop,CA,95330,561283,4,3.5,Lathrop,2868,5448,,4,,,Active,,,http://www.redfin.com/CA/Lathrop/18511-Maynell-DR-95330/home/171855686,MetroList,20029841,N,Y,37.8134216,-121.2969674
MLS Listing,,Single Family Residential,1256 Elberta Pkwy,Brentwood,CA,94513,668888,4,3.0,Brentwood,2800,6000,1999,4,239,,Active,,,http://www.redfin.com/CA/Brentwood/1256-Elberta-Pkwy-94513/home/1606690,"bridgeMLS, Bay East AOR, or Contra Costa AOR",40906063,N,Y,37.9435386,-121.7106616
MLS Listing,,Single Family Residential,661 Prince Albert Way,Brentwood,CA,94513,615000,2,2.5,Summerset 3,1905,5952,1999,4,323,130,Active,,,http://www.redfin.com/CA/Brentwood/661-Prince-Albert-Way-94513/home/1206079,"bridgeMLS, Bay East AOR, or Contra Costa AOR",40906058,N,Y,37.9165132,-121.726114
MLS Listing,,Single Family Residential,6509 Canyon Trl,El Cerrito,CA,94530,899000,3,2.0,El Cerrito,1688,5822,1956,4,533,,Active,,,http://www.redfin.com/CA/El-Cerrito/6509-Canyon-Trl-94530/home/1136172,"bridgeMLS, Bay East AOR, or Contra Costa AOR",40906056,N,Y,37.9315191,-122.3173507
MLS Listing,,Single Family Residential,5320 WILLOW LAKE Ct,Discovery Bay,CA,94505,599000,3,2.0,Willow Lake No Delta Access,1692,10472,1979,4,354,,Active,,,http://www.redfin.com/CA/Discovery-Bay/5320-Willow-Lake-Ct-94505/home/1131729,"bridgeMLS, Bay East AOR, or Contra Costa AOR",40905443,N,Y,37.9112605,-121.5967075
MLS Listing,,Single Family Residential,608 Belvedere,Stockton,CA,95205,275000,3,2.0,East Stockton,1000,5950,1957,4,,,Active,,,http://www.redfin.com/CA/Stockton/608-Belvedere-Ave-95205/home/19799433,MetroList,20029604,N,Y,37.9646421,-121.2603788
MLS Listing,,Single Family Residential,100 Cogburn Cir,Vacaville,CA,95687,498980,4,2.5,Vacaville,2217,2165,,4,,273,Active,,,http://www.redfin.com/CA/Vacaville/100-Cogburn-Cir-95687/home/171855393,MetroList,20029814,N,Y,38.3272,-121.949
MLS Listing,,Single Family Residential,2542 Buckhill Ct,SAN JOSE,CA,95148,849000,3,2.0,SAN JOSE,1270,5711,1985,4,669,,Active,,,http://www.redfin.com/CA/San-Jose/2542-Buckhill-Ct-95148/home/1087623,MLSListings,ML81793966,N,Y,37.3346623,-121.7997395
MLS Listing,,Single Family Residential,840 34th Ave,Oakland,CA,94601,645000,5,2.0,Fruitvale,1641,3800,1900,4,393,,Active,,,http://www.redfin.com/CA/Oakland/840-34th-Ave-94601/home/1096551,"bridgeMLS, Bay East AOR, or Contra Costa AOR",40906046,N,Y,37.7732755,-122.2258355
MLS Listing,,Single Family Residential,2145 Armstrong Dr,Pleasanton,CA,94588,858000,2,2.0,Pleasant Village,930,3549,1984,4,923,15,Active,,,http://www.redfin.com/CA/Pleasanton/2145-Armstrong-Dr-94588/home/919236,"bridgeMLS, Bay East AOR, or Contra Costa AOR",40906042,N,Y,37.6860832,-121.872604
MLS Listing,,Single Family Residential,7439 Lighthouse Dr,Stockton,CA,95219,320000,3,2.0,Far Northwest Stockton,1222,4600,1984,4,,30,Active,,,http://www.redfin.com/CA/Stockton/7439-Lighthouse-Dr-95219/home/19846774,MetroList,20029548,N,Y,38.0182377,-121.3632538
MLS Listing,,Single Family Residential,35 Berry Trl,Fairfax,CA,94930,749000,2,2.0,Fairfax,1209,4408,1924,4,620,,Active,,,http://www.redfin.com/CA/Fairfax/35-Berry-Trl-94930/home/729066,BAREIS,22011428,N,Y,37.9871074,-122.596245
MLS Listing,,Single Family Residential,31219 Fredi St,Union City,CA,94587,888000,4,2.5,Alameda County,1432,3890,1976,4,620,,Active,,,http://www.redfin.com/CA/Union-City/31219-Fredi-St-94587/home/1271561,BAREIS,22011452,N,Y,37.593124,-122.077933
MLS Listing,,Single Family Residential,193 Lassen Cir,Vacaville,CA,95687,370000,2,2.0,Vacaville 6,1152,5663,1964,4,321,67,Active,,,http://www.redfin.com/CA/Vacaville/193-Lassen-Cir-95687/home/2488112,BAREIS,22011451,N,Y,38.3678961,-121.9447723
MLS Listing,,Single Family Residential,731 Sunlight Dr,Brentwood,CA,94513,589999,4,2.5,Solano,2049,6497,1998,4,288,,Active,,,http://www.redfin.com/CA/Brentwood/731-Sunlight-Dr-94513/home/1661905,"bridgeMLS, Bay East AOR, or Contra Costa AOR",40906019,N,Y,37.9358678,-121.7220619
MLS Listing,,Single Family Residential,1775 Sharon Dr,Concord,CA,94519,540000,4,2.0,Dana Estates,1624,7300,1955,4,333,,Active,,,http://www.redfin.com/CA/Concord/1775-Sharon-Dr-94519/home/621454,"bridgeMLS, Bay East AOR, or Contra Costa AOR",40906018,N,Y,37.9813455,-121.9954952
MLS Listing,,Single Family Residential,2424 Kingsland Ave,Oakland,CA,94601,650000,3,2.0,Maxwell  Park,1362,2268,1920,4,477,,Active,,,http://www.redfin.com/CA/Oakland/2424-Kingsland-Ave-94601/home/1224168,"bridgeMLS, Bay East AOR, or Contra Costa AOR",40906016,N,Y,37.7739855,-122.1966209
MLS Listing,,Single Family Residential,1684 Duluth Ln,Suisun City,CA,94585,499900,3,2.5,Suisun 10,1839,6098,2007,4,272,,Active,,,http://www.redfin.com/CA/Suisun-City/1684-Duluth-Ln-94585/home/12299149,BAREIS,22011135,N,Y,38.2643225,-121.9819907
MLS Listing,,Single Family Residential,5741 Davis Cir,Rohnert Park,CA,94928,789950,4,2.5,Cotati/Rohnert Park,2505,9862,1975,4,315,,Active,,,http://www.redfin.com/CA/Rohnert-Park/5741-Davis-Cir-94928/home/2546445,BAREIS,22011421,N,Y,38.3577331,-122.6991212
MLS Listing,,Single Family Residential,353 S 24Th St,Richmond,CA,94804,435000,3,2.0,South Richmond,902,2825,1982,4,482,,Active,,,http://www.redfin.com/CA/Richmond/353-S-24th-St-94804/home/1520947,"bridgeMLS, Bay East AOR, or Contra Costa AOR",40906014,N,Y,37.9269935,-122.3469638
MLS Listing,,Single Family Residential,142 Arroyo Ct,Vacaville,CA,95687,465000,3,2.0,Vacaville 7,1447,10454,1978,4,321,,Active,,,http://www.redfin.com/CA/Vacaville/142-Arroyo-Ct-95687/home/2496948,BAREIS,22011287,N,Y,38.3496687,-121.9344006
MLS Listing,,Single Family Residential,17619 Johnson Ave,Sonoma,CA,95476,749000,3,2.0,Sonoma,1475,5998,1971,4,508,,Active,,,http://www.redfin.com/CA/Sonoma/17619-Johnson-Ave-95476/home/2391893,BAREIS,22007800,N,Y,38.3170469,-122.4852991
MLS Listing,,Single Family Residential,523 Rio Verde,Suisun City,CA,94585,419900,4,2.0,Suisun 1,1490,6098,1978,4,282,,Active,,,http://www.redfin.com/CA/Suisun-City/523-Rio-Verde-94585/home/2126882,BAREIS,22011425,N,Y,38.2465233,-122.0288497
